/*
Navicat MySQL Data Transfer

Source Server         : localhost
Source Server Version : 50151
Source Host           : localhost:3306
Source Database       : macsmk

Target Server Type    : MYSQL
Target Server Version : 50151
File Encoding         : 65001

Date: 2012-08-09 08:57:07
*/

SET FOREIGN_KEY_CHECKS=0;

-- ----------------------------
-- Table structure for `departmentinfo`
-- ----------------------------
DROP TABLE IF EXISTS `departmentinfo`;
CREATE TABLE `departmentinfo` (
  `Id` int(11) NOT NULL AUTO_INCREMENT,
  `DepartmentDes` varchar(64) DEFAULT NULL,
  `ParentId` int(11) DEFAULT '0',
  `OtherInfo` varchar(512) DEFAULT NULL,
  PRIMARY KEY (`Id`)
) ENGINE=InnoDB AUTO_INCREMENT=8 DEFAULT CHARSET=latin1;

-- ----------------------------
-- Records of departmentinfo
-- ----------------------------
INSERT INTO `departmentinfo` VALUES ('1', '机电', '0', null);
INSERT INTO `departmentinfo` VALUES ('2', '掘进', '0', null);
INSERT INTO `departmentinfo` VALUES ('3', '综采', '0', null);
INSERT INTO `departmentinfo` VALUES ('4', '安监', '0', null);
INSERT INTO `departmentinfo` VALUES ('5', '通风', '0', null);
INSERT INTO `departmentinfo` VALUES ('6', '运输', '0', null);
INSERT INTO `departmentinfo` VALUES ('7', '开拓', '0', null);

-- ----------------------------
-- Table structure for `errorlog`
-- ----------------------------
DROP TABLE IF EXISTS `errorlog`;
CREATE TABLE `errorlog` (
  `ID` int(11) NOT NULL AUTO_INCREMENT,
  `POINTNAME` varchar(256) DEFAULT NULL,
  `ERRORTIME` datetime DEFAULT NULL,
  `ERRORDES` varchar(512) DEFAULT NULL,
  PRIMARY KEY (`ID`)
) ENGINE=InnoDB AUTO_INCREMENT=261 DEFAULT CHARSET=latin1;

-- ----------------------------
-- Records of errorlog
-- ----------------------------
INSERT INTO `errorlog` VALUES ('22', '2902:HSCD201', '2011-12-01 13:54:04', '跳闸1');
INSERT INTO `errorlog` VALUES ('23', '2902:HSCD201', '2011-12-01 13:54:04', '过流保护');
INSERT INTO `errorlog` VALUES ('24', '2902:HSCD201', '2011-12-01 13:54:04', 'I段母线电压异常');
INSERT INTO `errorlog` VALUES ('25', '2902:HSCD201', '2011-12-01 13:54:04', 'II段母线电压异常');
INSERT INTO `errorlog` VALUES ('26', '2902:HSCD201', '2011-12-01 13:54:04', '设备通讯中断');
INSERT INTO `errorlog` VALUES ('27', '2902:HSCD201', '2011-12-01 13:54:04', '跳闸2');
INSERT INTO `errorlog` VALUES ('28', '2902:HSCD201', '2011-12-01 13:54:04', '4#母线有压异常');
INSERT INTO `errorlog` VALUES ('29', '2902:HSCD201', '2011-12-01 13:54:04', '合闸允许异常');
INSERT INTO `errorlog` VALUES ('30', '2902:HSCD201', '2011-12-01 13:54:04', '速断保护');
INSERT INTO `errorlog` VALUES ('31', '2902:HSCD201', '2011-12-01 13:54:04', '跳闸3');
INSERT INTO `errorlog` VALUES ('32', '2902:HSCD201', '2011-12-01 13:54:04', '零序I段保护故障');
INSERT INTO `errorlog` VALUES ('33', '2902:HSCD201', '2011-12-01 13:54:04', '零序II段保护故障');
INSERT INTO `errorlog` VALUES ('34', '2902:HSCD201', '2011-12-01 13:54:04', '差动保护故障');
INSERT INTO `errorlog` VALUES ('35', '2902:HSCD201', '2011-12-01 13:54:04', '后备过流保护');
INSERT INTO `errorlog` VALUES ('36', '2902:HSCD201', '2011-12-01 13:54:04', '跳闸回路断线');
INSERT INTO `errorlog` VALUES ('37', '2902:HSCD201', '2011-12-01 13:54:04', '辅助电源失电');
INSERT INTO `errorlog` VALUES ('38', '2902:HSCD202', '2011-12-01 13:54:04', '跳闸1');
INSERT INTO `errorlog` VALUES ('39', '2902:HSCD202', '2011-12-01 13:54:04', '过流保护');
INSERT INTO `errorlog` VALUES ('40', '2902:HSCD202', '2011-12-01 13:54:04', 'I段母线电压异常');
INSERT INTO `errorlog` VALUES ('41', '2902:HSCD202', '2011-12-01 13:54:04', 'II段母线电压异常');
INSERT INTO `errorlog` VALUES ('42', '2902:HSCD202', '2011-12-01 13:54:04', '设备通讯中断');
INSERT INTO `errorlog` VALUES ('43', '2902:HSCD202', '2011-12-01 13:54:04', '跳闸2');
INSERT INTO `errorlog` VALUES ('44', '2902:HSCD202', '2011-12-01 13:54:04', '4#母线有压异常');
INSERT INTO `errorlog` VALUES ('45', '2902:HSCD202', '2011-12-01 13:54:04', '合闸允许异常');
INSERT INTO `errorlog` VALUES ('46', '2902:HSCD202', '2011-12-01 13:54:04', '速断保护');
INSERT INTO `errorlog` VALUES ('47', '2902:HSCD202', '2011-12-01 13:54:04', '跳闸3');
INSERT INTO `errorlog` VALUES ('48', '2902:HSCD202', '2011-12-01 13:54:04', '零序I段保护故障');
INSERT INTO `errorlog` VALUES ('49', '2902:HSCD202', '2011-12-01 13:54:04', '零序II段保护故障');
INSERT INTO `errorlog` VALUES ('50', '2902:HSCD202', '2011-12-01 13:54:04', '差动保护故障');
INSERT INTO `errorlog` VALUES ('51', '2902:HSCD202', '2011-12-01 13:54:04', '后备过流保护');
INSERT INTO `errorlog` VALUES ('52', '2902:HSCD202', '2011-12-01 13:54:04', '跳闸回路断线');
INSERT INTO `errorlog` VALUES ('53', '2902:HSCD202', '2011-12-01 13:54:04', '辅助电源失电');
INSERT INTO `errorlog` VALUES ('54', '2902:HSCD214', '2011-12-01 13:54:04', '跳闸1');
INSERT INTO `errorlog` VALUES ('55', '2902:HSCD214', '2011-12-01 13:54:04', '过流保护');
INSERT INTO `errorlog` VALUES ('56', '2902:HSCD214', '2011-12-01 13:54:04', 'I段母线电压异常');
INSERT INTO `errorlog` VALUES ('57', '2902:HSCD214', '2011-12-01 13:54:04', 'II段母线电压异常');
INSERT INTO `errorlog` VALUES ('58', '2902:HSCD214', '2011-12-01 13:54:04', '设备通讯中断');
INSERT INTO `errorlog` VALUES ('59', '2902:HSCD214', '2011-12-01 13:54:04', '跳闸2');
INSERT INTO `errorlog` VALUES ('60', '2902:HSCD214', '2011-12-01 13:54:04', '4#母线有压异常');
INSERT INTO `errorlog` VALUES ('61', '2902:HSCD214', '2011-12-01 13:54:04', '合闸允许异常');
INSERT INTO `errorlog` VALUES ('62', '2902:HSCD214', '2011-12-01 13:54:04', '速断保护');
INSERT INTO `errorlog` VALUES ('63', '2902:HSCD214', '2011-12-01 13:54:04', '跳闸3');
INSERT INTO `errorlog` VALUES ('64', '2902:HSCD214', '2011-12-01 13:54:04', '零序I段保护故障');
INSERT INTO `errorlog` VALUES ('65', '2902:HSCD214', '2011-12-01 13:54:04', '零序II段保护故障');
INSERT INTO `errorlog` VALUES ('66', '2902:HSCD214', '2011-12-01 13:54:04', '差动保护故障');
INSERT INTO `errorlog` VALUES ('67', '2902:HSCD214', '2011-12-01 13:54:04', '后备过流保护');
INSERT INTO `errorlog` VALUES ('68', '2902:HSCD214', '2011-12-01 13:54:04', '跳闸回路断线');
INSERT INTO `errorlog` VALUES ('69', '2902:HSCD214', '2011-12-01 13:54:04', '辅助电源失电');
INSERT INTO `errorlog` VALUES ('70', '2902:HSCD215', '2011-12-01 13:54:04', '跳闸1');
INSERT INTO `errorlog` VALUES ('71', '2902:HSCD215', '2011-12-01 13:54:04', '过流保护');
INSERT INTO `errorlog` VALUES ('72', '2902:HSCD215', '2011-12-01 13:54:04', 'I段母线电压异常');
INSERT INTO `errorlog` VALUES ('73', '2902:HSCD215', '2011-12-01 13:54:04', 'II段母线电压异常');
INSERT INTO `errorlog` VALUES ('74', '2902:HSCD215', '2011-12-01 13:54:04', '设备通讯中断');
INSERT INTO `errorlog` VALUES ('75', '2902:HSCD215', '2011-12-01 13:54:04', '跳闸2');
INSERT INTO `errorlog` VALUES ('76', '2902:HSCD215', '2011-12-01 13:54:04', '4#母线有压异常');
INSERT INTO `errorlog` VALUES ('77', '2902:HSCD215', '2011-12-01 13:54:04', '合闸允许异常');
INSERT INTO `errorlog` VALUES ('78', '2902:HSCD215', '2011-12-01 13:54:04', '速断保护');
INSERT INTO `errorlog` VALUES ('79', '2902:HSCD215', '2011-12-01 13:54:04', '跳闸3');
INSERT INTO `errorlog` VALUES ('80', '2902:HSCD215', '2011-12-01 13:54:04', '零序I段保护故障');
INSERT INTO `errorlog` VALUES ('81', '2902:HSCD215', '2011-12-01 13:54:04', '零序II段保护故障');
INSERT INTO `errorlog` VALUES ('82', '2902:HSCD215', '2011-12-01 13:54:04', '差动保护故障');
INSERT INTO `errorlog` VALUES ('83', '2902:HSCD215', '2011-12-01 13:54:04', '后备过流保护');
INSERT INTO `errorlog` VALUES ('84', '2902:HSCD215', '2011-12-01 13:54:04', '跳闸回路断线');
INSERT INTO `errorlog` VALUES ('85', '2902:HSCD215', '2011-12-01 13:54:04', '辅助电源失电');
INSERT INTO `errorlog` VALUES ('86', '2902:HSCD225', '2011-12-01 13:54:04', '跳闸1');
INSERT INTO `errorlog` VALUES ('87', '2902:HSCD225', '2011-12-01 13:54:04', '过流保护');
INSERT INTO `errorlog` VALUES ('88', '2902:HSCD225', '2011-12-01 13:54:04', 'I段母线电压异常');
INSERT INTO `errorlog` VALUES ('89', '2902:HSCD225', '2011-12-01 13:54:04', 'II段母线电压异常');
INSERT INTO `errorlog` VALUES ('90', '2902:HSCD225', '2011-12-01 13:54:04', '设备通讯中断');
INSERT INTO `errorlog` VALUES ('91', '2902:HSCD225', '2011-12-01 13:54:04', '跳闸2');
INSERT INTO `errorlog` VALUES ('92', '2902:HSCD225', '2011-12-01 13:54:04', '4#母线有压异常');
INSERT INTO `errorlog` VALUES ('93', '2902:HSCD225', '2011-12-01 13:54:04', '合闸允许异常');
INSERT INTO `errorlog` VALUES ('94', '2902:HSCD225', '2011-12-01 13:54:04', '速断保护');
INSERT INTO `errorlog` VALUES ('95', '2902:HSCD225', '2011-12-01 13:54:04', '跳闸3');
INSERT INTO `errorlog` VALUES ('96', '2902:HSCD225', '2011-12-01 13:54:04', '零序I段保护故障');
INSERT INTO `errorlog` VALUES ('97', '2902:HSCD225', '2011-12-01 13:54:04', '零序II段保护故障');
INSERT INTO `errorlog` VALUES ('98', '2902:HSCD225', '2011-12-01 13:54:04', '差动保护故障');
INSERT INTO `errorlog` VALUES ('99', '2902:HSCD225', '2011-12-01 13:54:04', '后备过流保护');
INSERT INTO `errorlog` VALUES ('100', '2902:HSCD225', '2011-12-01 13:54:04', '跳闸回路断线');
INSERT INTO `errorlog` VALUES ('101', '2902:HSCD225', '2011-12-01 13:54:04', '辅助电源失电');
INSERT INTO `errorlog` VALUES ('102', '2902:HSHC214', '2011-12-01 13:54:04', '跳闸1');
INSERT INTO `errorlog` VALUES ('103', '2902:HSHC214', '2011-12-01 13:54:04', '过流保护');
INSERT INTO `errorlog` VALUES ('104', '2902:HSHC214', '2011-12-01 13:54:04', 'I段母线电压异常');
INSERT INTO `errorlog` VALUES ('105', '2902:HSHC214', '2011-12-01 13:54:04', 'II段母线电压异常');
INSERT INTO `errorlog` VALUES ('106', '2902:HSHC214', '2011-12-01 13:54:04', '设备通讯中断');
INSERT INTO `errorlog` VALUES ('107', '2902:HSHC214', '2011-12-01 13:54:04', '跳闸2');
INSERT INTO `errorlog` VALUES ('108', '2902:HSHC214', '2011-12-01 13:54:04', '4#母线有压异常');
INSERT INTO `errorlog` VALUES ('109', '2902:HSHC214', '2011-12-01 13:54:04', '合闸允许异常');
INSERT INTO `errorlog` VALUES ('110', '2902:HSHC214', '2011-12-01 13:54:04', '速断保护');
INSERT INTO `errorlog` VALUES ('111', '2902:HSHC214', '2011-12-01 13:54:04', '跳闸3');
INSERT INTO `errorlog` VALUES ('112', '2902:HSHC214', '2011-12-01 13:54:04', '零序I段保护故障');
INSERT INTO `errorlog` VALUES ('113', '2902:HSHC214', '2011-12-01 13:54:04', '零序II段保护故障');
INSERT INTO `errorlog` VALUES ('114', '2902:HSHC214', '2011-12-01 13:54:04', '差动保护故障');
INSERT INTO `errorlog` VALUES ('115', '2902:HSHC214', '2011-12-01 13:54:04', '后备过流保护');
INSERT INTO `errorlog` VALUES ('116', '2902:HSHC214', '2011-12-01 13:54:04', '跳闸回路断线');
INSERT INTO `errorlog` VALUES ('117', '2902:HSHC214', '2011-12-01 13:54:04', '辅助电源失电');
INSERT INTO `errorlog` VALUES ('118', '2902:HSHC215', '2011-12-01 13:54:04', '跳闸1');
INSERT INTO `errorlog` VALUES ('119', '2902:HSHC215', '2011-12-01 13:54:04', '过流保护');
INSERT INTO `errorlog` VALUES ('120', '2902:HSHC215', '2011-12-01 13:54:04', 'I段母线电压异常');
INSERT INTO `errorlog` VALUES ('121', '2902:HSHC215', '2011-12-01 13:54:04', 'II段母线电压异常');
INSERT INTO `errorlog` VALUES ('122', '2902:HSHC215', '2011-12-01 13:54:04', '设备通讯中断');
INSERT INTO `errorlog` VALUES ('123', '2902:HSHC215', '2011-12-01 13:54:04', '跳闸2');
INSERT INTO `errorlog` VALUES ('124', '2902:HSHC215', '2011-12-01 13:54:04', '4#母线有压异常');
INSERT INTO `errorlog` VALUES ('125', '2902:HSHC215', '2011-12-01 13:54:04', '合闸允许异常');
INSERT INTO `errorlog` VALUES ('126', '2902:HSHC215', '2011-12-01 13:54:04', '速断保护');
INSERT INTO `errorlog` VALUES ('127', '2902:HSHC215', '2011-12-01 13:54:04', '跳闸3');
INSERT INTO `errorlog` VALUES ('128', '2902:HSHC215', '2011-12-01 13:54:04', '零序I段保护故障');
INSERT INTO `errorlog` VALUES ('129', '2902:HSHC215', '2011-12-01 13:54:04', '零序II段保护故障');
INSERT INTO `errorlog` VALUES ('130', '2902:HSHC215', '2011-12-01 13:54:04', '差动保护故障');
INSERT INTO `errorlog` VALUES ('131', '2902:HSHC215', '2011-12-01 13:54:04', '后备过流保护');
INSERT INTO `errorlog` VALUES ('132', '2902:HSHC215', '2011-12-01 13:54:04', '跳闸回路断线');
INSERT INTO `errorlog` VALUES ('133', '2902:HSHC215', '2011-12-01 13:54:04', '辅助电源失电');
INSERT INTO `errorlog` VALUES ('134', '2902:HSHC225', '2011-12-01 13:54:04', '跳闸1');
INSERT INTO `errorlog` VALUES ('135', '2902:HSHC225', '2011-12-01 13:54:04', '过流保护');
INSERT INTO `errorlog` VALUES ('136', '2902:HSHC225', '2011-12-01 13:54:04', 'I段母线电压异常');
INSERT INTO `errorlog` VALUES ('137', '2902:HSHC225', '2011-12-01 13:54:04', 'II段母线电压异常');
INSERT INTO `errorlog` VALUES ('138', '2902:HSHC225', '2011-12-01 13:54:04', '设备通讯中断');
INSERT INTO `errorlog` VALUES ('139', '2902:HSHC225', '2011-12-01 13:54:04', '跳闸2');
INSERT INTO `errorlog` VALUES ('140', '2902:HSHC225', '2011-12-01 13:54:04', '4#母线有压异常');
INSERT INTO `errorlog` VALUES ('141', '2902:HSHC225', '2011-12-01 13:54:04', '合闸允许异常');
INSERT INTO `errorlog` VALUES ('142', '2902:HSHC225', '2011-12-01 13:54:04', '速断保护');
INSERT INTO `errorlog` VALUES ('143', '2902:HSHC225', '2011-12-01 13:54:04', '跳闸3');
INSERT INTO `errorlog` VALUES ('144', '2902:HSHC225', '2011-12-01 13:54:04', '零序I段保护故障');
INSERT INTO `errorlog` VALUES ('145', '2902:HSHC225', '2011-12-01 13:54:04', '零序II段保护故障');
INSERT INTO `errorlog` VALUES ('146', '2902:HSHC225', '2011-12-01 13:54:04', '差动保护故障');
INSERT INTO `errorlog` VALUES ('147', '2902:HSHC225', '2011-12-01 13:54:04', '后备过流保护');
INSERT INTO `errorlog` VALUES ('148', '2902:HSHC225', '2011-12-01 13:54:04', '跳闸回路断线');
INSERT INTO `errorlog` VALUES ('149', '2902:HSHC225', '2011-12-01 13:54:04', '辅助电源失电');
INSERT INTO `errorlog` VALUES ('150', '2902:HSHI201', '2011-12-01 13:54:04', '跳闸1');
INSERT INTO `errorlog` VALUES ('151', '2902:HSHI201', '2011-12-01 13:54:04', '过流保护');
INSERT INTO `errorlog` VALUES ('152', '2902:HSHI201', '2011-12-01 13:54:04', 'I段母线电压异常');
INSERT INTO `errorlog` VALUES ('153', '2902:HSHI201', '2011-12-01 13:54:04', 'II段母线电压异常');
INSERT INTO `errorlog` VALUES ('154', '2902:HSHI201', '2011-12-01 13:54:04', '设备通讯中断');
INSERT INTO `errorlog` VALUES ('155', '2902:HSHI201', '2011-12-01 13:54:04', '跳闸2');
INSERT INTO `errorlog` VALUES ('156', '2902:HSHI201', '2011-12-01 13:54:04', '4#母线有压异常');
INSERT INTO `errorlog` VALUES ('157', '2902:HSHI201', '2011-12-01 13:54:04', '合闸允许异常');
INSERT INTO `errorlog` VALUES ('158', '2902:HSHI201', '2011-12-01 13:54:04', '速断保护');
INSERT INTO `errorlog` VALUES ('159', '2902:HSHI201', '2011-12-01 13:54:04', '跳闸3');
INSERT INTO `errorlog` VALUES ('160', '2902:HSHI201', '2011-12-01 13:54:04', '零序I段保护故障');
INSERT INTO `errorlog` VALUES ('161', '2902:HSHI201', '2011-12-01 13:54:04', '零序II段保护故障');
INSERT INTO `errorlog` VALUES ('162', '2902:HSHI201', '2011-12-01 13:54:04', '差动保护故障');
INSERT INTO `errorlog` VALUES ('163', '2902:HSHI201', '2011-12-01 13:54:04', '后备过流保护');
INSERT INTO `errorlog` VALUES ('164', '2902:HSHI201', '2011-12-01 13:54:04', '跳闸回路断线');
INSERT INTO `errorlog` VALUES ('165', '2902:HSHI201', '2011-12-01 13:54:04', '辅助电源失电');
INSERT INTO `errorlog` VALUES ('166', '2902:HSHI202', '2011-12-01 13:54:04', '跳闸1');
INSERT INTO `errorlog` VALUES ('167', '2902:HSHI202', '2011-12-01 13:54:04', '过流保护');
INSERT INTO `errorlog` VALUES ('168', '2902:HSHI202', '2011-12-01 13:54:04', 'I段母线电压异常');
INSERT INTO `errorlog` VALUES ('169', '2902:HSHI202', '2011-12-01 13:54:04', 'II段母线电压异常');
INSERT INTO `errorlog` VALUES ('170', '2902:HSHI202', '2011-12-01 13:54:04', '设备通讯中断');
INSERT INTO `errorlog` VALUES ('171', '2902:HSHI202', '2011-12-01 13:54:04', '跳闸2');
INSERT INTO `errorlog` VALUES ('172', '2902:HSHI202', '2011-12-01 13:54:04', '4#母线有压异常');
INSERT INTO `errorlog` VALUES ('173', '2902:HSHI202', '2011-12-01 13:54:04', '合闸允许异常');
INSERT INTO `errorlog` VALUES ('174', '2902:HSHI202', '2011-12-01 13:54:04', '速断保护');
INSERT INTO `errorlog` VALUES ('175', '2902:HSHI202', '2011-12-01 13:54:04', '跳闸3');
INSERT INTO `errorlog` VALUES ('176', '2902:HSHI202', '2011-12-01 13:54:04', '零序I段保护故障');
INSERT INTO `errorlog` VALUES ('177', '2902:HSHI202', '2011-12-01 13:54:04', '零序II段保护故障');
INSERT INTO `errorlog` VALUES ('178', '2902:HSHI202', '2011-12-01 13:54:04', '差动保护故障');
INSERT INTO `errorlog` VALUES ('179', '2902:HSHI202', '2011-12-01 13:54:04', '后备过流保护');
INSERT INTO `errorlog` VALUES ('180', '2902:HSHI202', '2011-12-01 13:54:04', '跳闸回路断线');
INSERT INTO `errorlog` VALUES ('181', '2902:HSHI202', '2011-12-01 13:54:04', '辅助电源失电');
INSERT INTO `errorlog` VALUES ('182', '2902:HSHM245', '2011-12-01 13:54:04', '跳闸1');
INSERT INTO `errorlog` VALUES ('183', '2902:HSHM245', '2011-12-01 13:54:04', '过流保护');
INSERT INTO `errorlog` VALUES ('184', '2902:HSHM245', '2011-12-01 13:54:04', 'I段母线电压异常');
INSERT INTO `errorlog` VALUES ('185', '2902:HSHM245', '2011-12-01 13:54:04', 'II段母线电压异常');
INSERT INTO `errorlog` VALUES ('186', '2902:HSHM245', '2011-12-01 13:54:04', '设备通讯中断');
INSERT INTO `errorlog` VALUES ('187', '2902:HSHM245', '2011-12-01 13:54:04', '跳闸2');
INSERT INTO `errorlog` VALUES ('188', '2902:HSHM245', '2011-12-01 13:54:04', '4#母线有压异常');
INSERT INTO `errorlog` VALUES ('189', '2902:HSHM245', '2011-12-01 13:54:04', '合闸允许异常');
INSERT INTO `errorlog` VALUES ('190', '2902:HSHM245', '2011-12-01 13:54:04', '速断保护');
INSERT INTO `errorlog` VALUES ('191', '2902:HSHM245', '2011-12-01 13:54:04', '跳闸3');
INSERT INTO `errorlog` VALUES ('192', '2902:HSHM245', '2011-12-01 13:54:04', '零序I段保护故障');
INSERT INTO `errorlog` VALUES ('193', '2902:HSHM245', '2011-12-01 13:54:04', '零序II段保护故障');
INSERT INTO `errorlog` VALUES ('194', '2902:HSHM245', '2011-12-01 13:54:04', '差动保护故障');
INSERT INTO `errorlog` VALUES ('195', '2902:HSHM245', '2011-12-01 13:54:04', '后备过流保护');
INSERT INTO `errorlog` VALUES ('196', '2902:HSHM245', '2011-12-01 13:54:04', '跳闸回路断线');
INSERT INTO `errorlog` VALUES ('197', '2902:HSHM245', '2011-12-01 13:54:04', '辅助电源失电');
INSERT INTO `errorlog` VALUES ('198', '2902:HSSD231', '2011-12-01 13:54:04', '跳闸1');
INSERT INTO `errorlog` VALUES ('199', '2902:HSSD231', '2011-12-01 13:54:04', '过流保护');
INSERT INTO `errorlog` VALUES ('200', '2902:HSSD231', '2011-12-01 13:54:04', 'I段母线电压异常');
INSERT INTO `errorlog` VALUES ('201', '2902:HSSD231', '2011-12-01 13:54:04', 'II段母线电压异常');
INSERT INTO `errorlog` VALUES ('202', '2902:HSSD231', '2011-12-01 13:54:04', '设备通讯中断');
INSERT INTO `errorlog` VALUES ('203', '2902:HSSD231', '2011-12-01 13:54:04', '跳闸2');
INSERT INTO `errorlog` VALUES ('204', '2902:HSSD231', '2011-12-01 13:54:04', '4#母线有压异常');
INSERT INTO `errorlog` VALUES ('205', '2902:HSSD231', '2011-12-01 13:54:04', '合闸允许异常');
INSERT INTO `errorlog` VALUES ('206', '2902:HSSD231', '2011-12-01 13:54:04', '速断保护');
INSERT INTO `errorlog` VALUES ('207', '2902:HSSD231', '2011-12-01 13:54:04', '跳闸3');
INSERT INTO `errorlog` VALUES ('208', '2902:HSSD231', '2011-12-01 13:54:04', '零序I段保护故障');
INSERT INTO `errorlog` VALUES ('209', '2902:HSSD231', '2011-12-01 13:54:04', '零序II段保护故障');
INSERT INTO `errorlog` VALUES ('210', '2902:HSSD231', '2011-12-01 13:54:04', '差动保护故障');
INSERT INTO `errorlog` VALUES ('211', '2902:HSSD231', '2011-12-01 13:54:04', '后备过流保护');
INSERT INTO `errorlog` VALUES ('212', '2902:HSSD231', '2011-12-01 13:54:04', '跳闸回路断线');
INSERT INTO `errorlog` VALUES ('213', '2902:HSSD231', '2011-12-01 13:54:04', '辅助电源失电');
INSERT INTO `errorlog` VALUES ('214', '2902:HSSD241', '2011-12-01 13:54:04', '跳闸1');
INSERT INTO `errorlog` VALUES ('215', '2902:HSSD241', '2011-12-01 13:54:04', '过流保护');
INSERT INTO `errorlog` VALUES ('216', '2902:HSSD241', '2011-12-01 13:54:04', 'I段母线电压异常');
INSERT INTO `errorlog` VALUES ('217', '2902:HSSD241', '2011-12-01 13:54:04', 'II段母线电压异常');
INSERT INTO `errorlog` VALUES ('218', '2902:HSSD241', '2011-12-01 13:54:04', '设备通讯中断');
INSERT INTO `errorlog` VALUES ('219', '2902:HSSD241', '2011-12-01 13:54:04', '跳闸2');
INSERT INTO `errorlog` VALUES ('220', '2902:HSSD241', '2011-12-01 13:54:04', '4#母线有压异常');
INSERT INTO `errorlog` VALUES ('221', '2902:HSSD241', '2011-12-01 13:54:04', '合闸允许异常');
INSERT INTO `errorlog` VALUES ('222', '2902:HSSD241', '2011-12-01 13:54:04', '速断保护');
INSERT INTO `errorlog` VALUES ('223', '2902:HSSD241', '2011-12-01 13:54:04', '跳闸3');
INSERT INTO `errorlog` VALUES ('224', '2902:HSSD241', '2011-12-01 13:54:04', '零序I段保护故障');
INSERT INTO `errorlog` VALUES ('225', '2902:HSSD241', '2011-12-01 13:54:04', '零序II段保护故障');
INSERT INTO `errorlog` VALUES ('226', '2902:HSSD241', '2011-12-01 13:54:04', '差动保护故障');
INSERT INTO `errorlog` VALUES ('227', '2902:HSSD241', '2011-12-01 13:54:04', '后备过流保护');
INSERT INTO `errorlog` VALUES ('228', '2902:HSSD241', '2011-12-01 13:54:04', '跳闸回路断线');
INSERT INTO `errorlog` VALUES ('229', '2902:HSSD241', '2011-12-01 13:54:04', '辅助电源失电');
INSERT INTO `errorlog` VALUES ('230', '2902:HSSQ246', '2011-12-01 13:54:04', '过流保护');
INSERT INTO `errorlog` VALUES ('231', '2902:HSSQ246', '2011-12-01 13:54:04', 'I段母线电压异常');
INSERT INTO `errorlog` VALUES ('232', '2902:HSSQ246', '2011-12-01 13:54:04', 'II段母线电压异常');
INSERT INTO `errorlog` VALUES ('233', '2902:HSSQ246', '2011-12-01 13:54:04', '设备通讯中断');
INSERT INTO `errorlog` VALUES ('234', '2902:HSSQ246', '2011-12-01 13:54:04', '跳闸2');
INSERT INTO `errorlog` VALUES ('235', '2902:HSSQ246', '2011-12-01 13:54:04', '4#母线有压异常');
INSERT INTO `errorlog` VALUES ('236', '2902:HSSQ246', '2011-12-01 13:54:04', '合闸允许异常');
INSERT INTO `errorlog` VALUES ('237', '2902:HSSQ246', '2011-12-01 13:54:04', '速断保护');
INSERT INTO `errorlog` VALUES ('238', '2902:HSSQ246', '2011-12-01 13:54:04', '跳闸3');
INSERT INTO `errorlog` VALUES ('239', '2902:HSSQ246', '2011-12-01 13:54:04', '零序I段保护故障');
INSERT INTO `errorlog` VALUES ('240', '2902:HSSQ246', '2011-12-01 13:54:04', '零序II段保护故障');
INSERT INTO `errorlog` VALUES ('241', '2902:HSSQ246', '2011-12-01 13:54:04', '差动保护故障');
INSERT INTO `errorlog` VALUES ('242', '2902:HSSQ246', '2011-12-01 13:54:04', '后备过流保护');
INSERT INTO `errorlog` VALUES ('243', '2902:HSSQ246', '2011-12-01 13:54:04', '跳闸回路断线');
INSERT INTO `errorlog` VALUES ('244', '2902:HSSQ246', '2011-12-01 13:54:04', '辅助电源失电');
INSERT INTO `errorlog` VALUES ('245', '2902:HSSQ247', '2011-12-01 13:54:04', '跳闸1');
INSERT INTO `errorlog` VALUES ('246', '2902:HSSQ247', '2011-12-01 13:54:04', '过流保护');
INSERT INTO `errorlog` VALUES ('247', '2902:HSSQ247', '2011-12-01 13:54:04', 'I段母线电压异常');
INSERT INTO `errorlog` VALUES ('248', '2902:HSSQ247', '2011-12-01 13:54:04', 'II段母线电压异常');
INSERT INTO `errorlog` VALUES ('249', '2902:HSSQ247', '2011-12-01 13:54:04', '设备通讯中断');
INSERT INTO `errorlog` VALUES ('250', '2902:HSSQ247', '2011-12-01 13:54:04', '跳闸2');
INSERT INTO `errorlog` VALUES ('251', '2902:HSSQ247', '2011-12-01 13:54:04', '4#母线有压异常');
INSERT INTO `errorlog` VALUES ('252', '2902:HSSQ247', '2011-12-01 13:54:04', '合闸允许异常');
INSERT INTO `errorlog` VALUES ('253', '2902:HSSQ247', '2011-12-01 13:54:04', '速断保护');
INSERT INTO `errorlog` VALUES ('254', '2902:HSSQ247', '2011-12-01 13:54:04', '跳闸3');
INSERT INTO `errorlog` VALUES ('255', '2902:HSSQ247', '2011-12-01 13:54:04', '零序I段保护故障');
INSERT INTO `errorlog` VALUES ('256', '2902:HSSQ247', '2011-12-01 13:54:04', '零序II段保护故障');
INSERT INTO `errorlog` VALUES ('257', '2902:HSSQ247', '2011-12-01 13:54:04', '差动保护故障');
INSERT INTO `errorlog` VALUES ('258', '2902:HSSQ247', '2011-12-01 13:54:04', '后备过流保护');
INSERT INTO `errorlog` VALUES ('259', '2902:HSSQ247', '2011-12-01 13:54:04', '跳闸回路断线');
INSERT INTO `errorlog` VALUES ('260', '2902:HSSQ247', '2011-12-01 13:54:04', '辅助电源失电');

-- ----------------------------
-- Table structure for `jobinfo`
-- ----------------------------
DROP TABLE IF EXISTS `jobinfo`;
CREATE TABLE `jobinfo` (
  `JobID` int(11) NOT NULL AUTO_INCREMENT,
  `WorkId` int(11) DEFAULT NULL,
  `JobBeginTime` datetime DEFAULT NULL,
  `JobEndTime` datetime DEFAULT NULL,
  `JobDes` varchar(1024) DEFAULT NULL,
  `PosID` int(11) DEFAULT NULL,
  PRIMARY KEY (`JobID`)
) ENGINE=InnoDB AUTO_INCREMENT=4788 DEFAULT CHARSET=latin1;

-- ----------------------------
-- Records of jobinfo
-- ----------------------------
INSERT INTO `jobinfo` VALUES ('1', '1001', '2012-01-09 16:31:03', '2012-01-09 23:00:57', '检测', '1');
INSERT INTO `jobinfo` VALUES ('2', '1001', '2012-01-09 10:31:38', '2012-01-09 12:31:46', '检测', '10');
INSERT INTO `jobinfo` VALUES ('3', '1001', '2012-01-09 14:32:19', '2012-01-09 23:36:37', '检测', '23');
INSERT INTO `jobinfo` VALUES ('4', '1002', '2012-01-09 10:28:27', '2012-01-09 22:28:38', '检测', '1');
INSERT INTO `jobinfo` VALUES ('5', '1002', '2012-01-09 12:30:17', null, '检测', '23');
INSERT INTO `jobinfo` VALUES ('6', '1002', '2012-01-10 08:00:13', null, '巡检', '10');
INSERT INTO `jobinfo` VALUES ('7', '1001', '2012-01-10 09:00:40', null, '巡检', '1');
INSERT INTO `jobinfo` VALUES ('8', '1001', '2012-01-10 10:00:17', '2012-01-12 16:31:39', '检修', '20');
INSERT INTO `jobinfo` VALUES ('9', '1001', '2012-01-12 16:41:16', '2012-01-12 16:41:53', '维修', '5');
INSERT INTO `jobinfo` VALUES ('10', '1001', '2012-01-12 16:42:26', '2012-01-12 16:43:02', '取工具', '10');
INSERT INTO `jobinfo` VALUES ('11', '1001', '2012-01-12 16:43:31', null, '维修', '5');
INSERT INTO `jobinfo` VALUES ('12', '1003', '2012-01-10 10:00:00', null, '施工', '1');
INSERT INTO `jobinfo` VALUES ('13', '1004', '2012-01-10 10:00:00', null, '施工', '1');
INSERT INTO `jobinfo` VALUES ('14', '1005', '2012-01-10 10:00:00', null, '施工', '1');
INSERT INTO `jobinfo` VALUES ('15', '1006', '2012-01-10 10:00:00', null, '施工', '1');
INSERT INTO `jobinfo` VALUES ('16', '1007', '2012-01-10 10:00:00', null, '施工', '1');
INSERT INTO `jobinfo` VALUES ('17', '1008', '2012-01-10 10:00:00', null, '施工', '1');
INSERT INTO `jobinfo` VALUES ('18', '1009', '2012-01-10 10:00:00', null, '施工', '1');
INSERT INTO `jobinfo` VALUES ('19', '1010', '2012-01-10 10:00:00', null, '施工', '1');
INSERT INTO `jobinfo` VALUES ('20', '1011', '2012-01-10 10:00:00', null, '施工', '1');
INSERT INTO `jobinfo` VALUES ('21', '1012', '2012-01-10 10:00:00', null, '施工', '1');
INSERT INTO `jobinfo` VALUES ('22', '1013', '2012-01-10 10:00:00', null, '施工', '1');
INSERT INTO `jobinfo` VALUES ('23', '1014', '2012-01-10 10:00:00', null, '施工', '1');
INSERT INTO `jobinfo` VALUES ('24', '1015', '2012-01-10 10:00:00', null, '施工', '1');
INSERT INTO `jobinfo` VALUES ('25', '1016', '2012-01-10 10:00:00', null, '施工', '1');
INSERT INTO `jobinfo` VALUES ('26', '1017', '2012-01-10 10:00:00', null, '施工', '1');
INSERT INTO `jobinfo` VALUES ('27', '1018', '2012-01-10 10:00:00', null, '施工', '1');
INSERT INTO `jobinfo` VALUES ('28', '1019', '2012-01-10 10:00:00', null, '施工', '1');
INSERT INTO `jobinfo` VALUES ('29', '1020', '2012-01-10 10:00:00', null, '施工', '1');
INSERT INTO `jobinfo` VALUES ('30', '1004', '2012-01-10 11:00:00', '2012-01-10 12:00:00', '施工', '5');
INSERT INTO `jobinfo` VALUES ('31', '1005', '2012-01-10 11:00:00', '2012-01-10 12:00:00', '施工', '5');
INSERT INTO `jobinfo` VALUES ('32', '1006', '2012-01-10 11:00:00', '2012-01-10 12:00:00', '施工', '5');
INSERT INTO `jobinfo` VALUES ('33', '1007', '2012-01-10 11:00:00', '2012-01-10 12:00:00', '施工', '5');
INSERT INTO `jobinfo` VALUES ('34', '1008', '2012-01-10 11:00:00', '2012-01-10 12:00:00', '施工', '5');
INSERT INTO `jobinfo` VALUES ('35', '1009', '2012-01-10 11:00:00', '2012-01-10 12:00:00', '施工', '5');
INSERT INTO `jobinfo` VALUES ('36', '1010', '2012-01-10 11:00:00', '2012-01-10 12:00:00', '施工', '5');
INSERT INTO `jobinfo` VALUES ('37', '1011', '2012-01-10 11:00:00', '2012-01-10 12:00:00', '施工', '5');
INSERT INTO `jobinfo` VALUES ('38', '1012', '2012-01-10 11:00:00', '2012-01-10 12:00:00', '施工', '5');
INSERT INTO `jobinfo` VALUES ('39', '1013', '2012-01-10 11:00:00', '2012-01-10 12:00:00', '施工', '5');
INSERT INTO `jobinfo` VALUES ('40', '1014', '2012-01-10 11:00:00', '2012-01-10 12:00:00', '施工', '5');
INSERT INTO `jobinfo` VALUES ('41', '1015', '2012-01-10 11:00:00', '2012-01-10 12:00:00', '施工', '5');
INSERT INTO `jobinfo` VALUES ('42', '1016', '2012-01-10 11:00:00', '2012-01-10 12:00:00', '施工', '5');
INSERT INTO `jobinfo` VALUES ('43', '1017', '2012-01-10 11:00:00', '2012-01-10 12:00:00', '施工', '5');
INSERT INTO `jobinfo` VALUES ('44', '1018', '2012-01-10 11:00:00', '2012-01-10 12:00:00', '施工', '5');
INSERT INTO `jobinfo` VALUES ('45', '1019', '2012-01-10 11:00:00', '2012-01-10 12:00:00', '施工', '5');
INSERT INTO `jobinfo` VALUES ('46', '1020', '2012-01-10 11:00:00', '2012-01-10 12:00:00', '施工', '5');
INSERT INTO `jobinfo` VALUES ('47', '1003', '2012-01-10 11:00:00', '2012-01-10 12:00:00', '施工', '5');
INSERT INTO `jobinfo` VALUES ('48', '1003', '2012-01-10 14:00:00', '2012-01-10 15:00:00', '施工', '5');
INSERT INTO `jobinfo` VALUES ('49', '1004', '2012-01-10 14:00:00', '2012-01-10 15:00:00', '施工', '5');
INSERT INTO `jobinfo` VALUES ('50', '1005', '2012-01-10 14:00:00', '2012-01-10 15:00:00', '施工', '5');
INSERT INTO `jobinfo` VALUES ('51', '1006', '2012-01-10 14:00:00', '2012-01-10 15:00:00', '施工', '5');
INSERT INTO `jobinfo` VALUES ('52', '1007', '2012-01-10 14:00:00', '2012-01-10 15:00:00', '施工', '5');
INSERT INTO `jobinfo` VALUES ('53', '1008', '2012-01-10 14:00:00', '2012-01-10 15:00:00', '施工', '5');
INSERT INTO `jobinfo` VALUES ('54', '1009', '2012-01-10 14:00:00', '2012-01-10 15:00:00', '施工', '5');
INSERT INTO `jobinfo` VALUES ('55', '1010', '2012-01-10 14:00:00', '2012-01-10 15:00:00', '施工', '5');
INSERT INTO `jobinfo` VALUES ('56', '1011', '2012-01-10 14:00:00', '2012-01-10 15:00:00', '施工', '5');
INSERT INTO `jobinfo` VALUES ('57', '1012', '2012-01-10 14:00:00', '2012-01-10 15:00:00', '施工', '5');
INSERT INTO `jobinfo` VALUES ('58', '1013', '2012-01-10 14:00:00', '2012-01-10 15:00:00', '施工', '5');
INSERT INTO `jobinfo` VALUES ('59', '1014', '2012-01-10 14:00:00', '2012-01-10 15:00:00', '施工', '5');
INSERT INTO `jobinfo` VALUES ('60', '1015', '2012-01-10 14:00:00', '2012-01-10 15:00:00', '施工', '5');
INSERT INTO `jobinfo` VALUES ('61', '1016', '2012-01-10 14:00:00', '2012-01-10 15:00:00', '施工', '5');
INSERT INTO `jobinfo` VALUES ('62', '1017', '2012-01-10 14:00:00', '2012-01-10 15:00:00', '施工', '5');
INSERT INTO `jobinfo` VALUES ('63', '1018', '2012-01-10 14:00:00', '2012-01-10 15:00:00', '施工', '5');
INSERT INTO `jobinfo` VALUES ('64', '1019', '2012-01-10 14:00:00', '2012-01-10 15:00:00', '施工', '5');
INSERT INTO `jobinfo` VALUES ('65', '1020', '2012-01-10 14:00:00', '2012-01-10 15:00:00', '施工', '5');
INSERT INTO `jobinfo` VALUES ('66', '1001', '2012-01-10 14:00:00', '2012-01-15 12:16:47', '施工', '85');
INSERT INTO `jobinfo` VALUES ('67', '1002', '2012-01-10 14:00:00', '2012-01-15 12:16:47', '施工', '85');
INSERT INTO `jobinfo` VALUES ('68', '1003', '2012-01-10 14:00:00', '2012-01-15 12:28:49', '施工', '85');
INSERT INTO `jobinfo` VALUES ('69', '1004', '2012-01-10 14:00:00', '2012-01-15 12:28:49', '施工', '85');
INSERT INTO `jobinfo` VALUES ('70', '1005', '2012-01-10 14:00:00', '2012-01-15 12:28:50', '施工', '85');
INSERT INTO `jobinfo` VALUES ('71', '1006', '2012-01-10 14:00:00', '2012-01-15 12:28:50', '施工', '85');
INSERT INTO `jobinfo` VALUES ('72', '1007', '2012-01-10 14:00:00', '2012-01-15 12:28:54', '施工', '85');
INSERT INTO `jobinfo` VALUES ('73', '1008', '2012-01-10 14:00:00', '2012-01-15 12:28:54', '施工', '85');
INSERT INTO `jobinfo` VALUES ('74', '1009', '2012-01-10 14:00:00', '2012-01-15 12:29:44', '施工', '85');
INSERT INTO `jobinfo` VALUES ('75', '1010', '2012-01-10 14:00:00', '2012-01-15 12:29:44', '施工', '85');
INSERT INTO `jobinfo` VALUES ('76', '1011', '2012-01-10 14:00:00', '2012-01-15 12:29:46', '施工', '85');
INSERT INTO `jobinfo` VALUES ('77', '1012', '2012-01-10 14:00:00', '2012-01-15 12:29:46', '施工', '85');
INSERT INTO `jobinfo` VALUES ('78', '1013', '2012-01-10 14:00:00', '2012-01-15 15:03:24', '施工', '85');
INSERT INTO `jobinfo` VALUES ('79', '1014', '2012-01-10 14:00:00', '2012-01-15 15:03:24', '施工', '85');
INSERT INTO `jobinfo` VALUES ('80', '1015', '2012-01-10 14:00:00', '2012-01-15 15:03:26', '施工', '85');
INSERT INTO `jobinfo` VALUES ('81', '1016', '2012-01-10 14:00:00', '2012-01-15 15:03:26', '施工', '85');
INSERT INTO `jobinfo` VALUES ('82', '1017', '2012-01-10 14:00:00', '2012-01-15 15:03:28', '施工', '85');
INSERT INTO `jobinfo` VALUES ('83', '1018', '2012-01-10 14:00:00', '2012-01-15 15:03:28', '施工', '85');
INSERT INTO `jobinfo` VALUES ('84', '1019', '2012-01-10 14:00:00', '2012-01-15 15:03:30', '施工', '85');
INSERT INTO `jobinfo` VALUES ('85', '1020', '2012-01-10 14:00:00', '2012-01-15 15:03:30', '施工', '85');
INSERT INTO `jobinfo` VALUES ('1001', null, '2012-02-10 13:23:24', null, '恢复工作', '85');
INSERT INTO `jobinfo` VALUES ('1002', null, '2012-02-10 13:23:24', null, '恢复工作', '85');
INSERT INTO `jobinfo` VALUES ('1003', null, '2012-02-10 13:23:24', null, '恢复工作', '85');
INSERT INTO `jobinfo` VALUES ('1004', null, '2012-02-10 13:23:24', null, '恢复工作', '85');
INSERT INTO `jobinfo` VALUES ('1005', null, '2012-02-10 13:23:24', null, '恢复工作', '85');
INSERT INTO `jobinfo` VALUES ('1006', null, '2012-02-10 13:23:24', null, '恢复工作', '85');
INSERT INTO `jobinfo` VALUES ('1007', null, '2012-02-10 13:23:24', null, '恢复工作', '85');
INSERT INTO `jobinfo` VALUES ('1008', null, '2012-02-10 13:23:24', null, '恢复工作', '85');
INSERT INTO `jobinfo` VALUES ('1009', null, '2012-02-10 13:23:24', null, '恢复工作', '85');
INSERT INTO `jobinfo` VALUES ('1010', null, '2012-02-10 13:23:24', null, '恢复工作', '85');
INSERT INTO `jobinfo` VALUES ('1011', null, '2012-02-10 13:23:24', null, '恢复工作', '85');
INSERT INTO `jobinfo` VALUES ('1012', null, '2012-02-10 13:23:24', null, '恢复工作', '85');
INSERT INTO `jobinfo` VALUES ('1013', null, '2012-02-10 13:23:24', null, '恢复工作', '85');
INSERT INTO `jobinfo` VALUES ('1014', null, '2012-02-10 13:23:24', null, '恢复工作', '85');
INSERT INTO `jobinfo` VALUES ('1015', null, '2012-02-10 13:23:24', null, '恢复工作', '85');
INSERT INTO `jobinfo` VALUES ('1016', null, '2012-02-10 13:23:24', null, '恢复工作', '85');
INSERT INTO `jobinfo` VALUES ('1017', null, '2012-02-10 13:23:24', null, '恢复工作', '85');
INSERT INTO `jobinfo` VALUES ('1018', null, '2012-02-10 13:23:24', null, '恢复工作', '85');
INSERT INTO `jobinfo` VALUES ('1019', null, '2012-02-10 13:23:24', null, '恢复工作', '85');
INSERT INTO `jobinfo` VALUES ('1020', null, '2012-02-10 13:23:24', null, '恢复工作', '85');
INSERT INTO `jobinfo` VALUES ('1621', '1001', '2012-01-10 10:00:00', null, '施工', '1');
INSERT INTO `jobinfo` VALUES ('1622', '1002', '2012-01-10 10:00:00', null, '施工', '1');
INSERT INTO `jobinfo` VALUES ('1623', '1003', '2012-01-10 10:00:00', null, '施工', '1');
INSERT INTO `jobinfo` VALUES ('1624', '1004', '2012-01-10 10:00:00', null, '施工', '1');
INSERT INTO `jobinfo` VALUES ('1625', '1005', '2012-01-10 10:00:00', null, '施工', '1');
INSERT INTO `jobinfo` VALUES ('1626', '1006', '2012-01-10 10:00:00', null, '施工', '1');
INSERT INTO `jobinfo` VALUES ('1627', '1007', '2012-01-10 10:00:00', null, '施工', '1');
INSERT INTO `jobinfo` VALUES ('1628', '1008', '2012-01-10 10:00:00', null, '施工', '1');
INSERT INTO `jobinfo` VALUES ('1629', '1009', '2012-01-10 10:00:00', null, '施工', '1');
INSERT INTO `jobinfo` VALUES ('1630', '1010', '2012-01-10 10:00:00', null, '施工', '1');
INSERT INTO `jobinfo` VALUES ('1631', '1011', '2012-01-10 10:00:00', null, '施工', '1');
INSERT INTO `jobinfo` VALUES ('1632', '1012', '2012-01-10 10:00:00', null, '施工', '1');
INSERT INTO `jobinfo` VALUES ('1633', '1013', '2012-01-10 10:00:00', null, '施工', '1');
INSERT INTO `jobinfo` VALUES ('1634', '1014', '2012-01-10 10:00:00', null, '施工', '1');
INSERT INTO `jobinfo` VALUES ('1635', '1015', '2012-01-10 10:00:00', null, '施工', '1');
INSERT INTO `jobinfo` VALUES ('1636', '1016', '2012-01-10 10:00:00', null, '施工', '1');
INSERT INTO `jobinfo` VALUES ('1637', '1017', '2012-01-10 10:00:00', null, '施工', '1');
INSERT INTO `jobinfo` VALUES ('1638', '1018', '2012-01-10 10:00:00', null, '施工', '1');
INSERT INTO `jobinfo` VALUES ('1639', '1019', '2012-01-10 10:00:00', null, '施工', '1');
INSERT INTO `jobinfo` VALUES ('1640', '1020', '2012-01-10 10:00:00', null, '施工', '1');
INSERT INTO `jobinfo` VALUES ('3017', '1019', '2012-01-16 09:07:02', '2012-01-16 09:08:43', '恢复工作', '85');
INSERT INTO `jobinfo` VALUES ('3018', '1018', '2012-01-16 09:07:03', '2012-01-16 09:08:42', '恢复工作', '85');
INSERT INTO `jobinfo` VALUES ('3019', '1017', '2012-01-16 09:07:04', '2012-01-16 09:08:41', '恢复工作', '85');
INSERT INTO `jobinfo` VALUES ('3020', '1016', '2012-01-16 09:07:05', '2012-01-16 09:08:40', '恢复工作', '85');
INSERT INTO `jobinfo` VALUES ('3021', '1015', '2012-01-16 09:07:06', '2012-01-16 09:08:39', '恢复工作', '85');
INSERT INTO `jobinfo` VALUES ('3022', '1014', '2012-01-16 09:07:07', '2012-01-16 09:08:38', '恢复工作', '85');
INSERT INTO `jobinfo` VALUES ('3023', '1013', '2012-01-16 09:07:08', '2012-01-16 09:08:37', '恢复工作', '85');
INSERT INTO `jobinfo` VALUES ('3024', '1012', '2012-01-16 09:07:09', '2012-01-16 09:08:36', '恢复工作', '85');
INSERT INTO `jobinfo` VALUES ('3025', '1011', '2012-01-16 09:07:10', '2012-01-16 09:08:35', '恢复工作', '85');
INSERT INTO `jobinfo` VALUES ('3026', '1010', '2012-01-16 09:07:11', '2012-01-16 09:08:34', '恢复工作', '85');
INSERT INTO `jobinfo` VALUES ('3027', '1009', '2012-01-16 09:07:12', '2012-01-16 09:08:33', '恢复工作', '85');
INSERT INTO `jobinfo` VALUES ('3028', '1008', '2012-01-16 09:07:13', '2012-01-16 09:08:32', '恢复工作', '85');
INSERT INTO `jobinfo` VALUES ('3029', '1007', '2012-01-16 09:07:14', '2012-01-16 09:08:31', '恢复工作', '85');
INSERT INTO `jobinfo` VALUES ('3030', '1006', '2012-01-16 09:07:15', '2012-01-16 09:08:30', '恢复工作', '85');
INSERT INTO `jobinfo` VALUES ('3031', '1005', '2012-01-16 09:07:16', '2012-01-16 09:08:29', '恢复工作', '85');
INSERT INTO `jobinfo` VALUES ('3032', '1004', '2012-01-16 09:07:17', '2012-01-16 09:08:28', '恢复工作', '85');
INSERT INTO `jobinfo` VALUES ('3033', '1003', '2012-01-16 09:07:18', '2012-01-16 09:08:27', '恢复工作', '85');
INSERT INTO `jobinfo` VALUES ('3034', '1002', '2012-01-16 09:07:19', '2012-01-16 09:08:26', '恢复工作', '85');
INSERT INTO `jobinfo` VALUES ('3035', '1001', '2012-01-16 09:07:20', '2012-01-16 09:08:25', '恢复工作', '85');
INSERT INTO `jobinfo` VALUES ('3037', '1001', '2012-01-16 09:08:25', '2012-01-16 09:09:27', '撤离', '86');
INSERT INTO `jobinfo` VALUES ('3038', '1001', '2012-01-16 09:08:26', '2012-01-16 09:09:27', '撤离', '86');
INSERT INTO `jobinfo` VALUES ('3039', '1002', '2012-01-16 09:08:26', '2012-01-16 09:09:27', '撤离', '86');
INSERT INTO `jobinfo` VALUES ('3040', '1002', '2012-01-16 09:08:27', '2012-01-16 09:09:27', '撤离', '86');
INSERT INTO `jobinfo` VALUES ('3041', '1003', '2012-01-16 09:08:27', '2012-01-16 09:09:25', '撤离', '86');
INSERT INTO `jobinfo` VALUES ('3042', '1003', '2012-01-16 09:08:28', '2012-01-16 09:09:25', '撤离', '86');
INSERT INTO `jobinfo` VALUES ('3043', '1004', '2012-01-16 09:08:28', '2012-01-16 09:09:25', '撤离', '86');
INSERT INTO `jobinfo` VALUES ('3044', '1004', '2012-01-16 09:08:29', '2012-01-16 09:09:25', '撤离', '86');
INSERT INTO `jobinfo` VALUES ('3045', '1005', '2012-01-16 09:08:29', '2012-01-16 09:09:23', '撤离', '86');
INSERT INTO `jobinfo` VALUES ('3046', '1005', '2012-01-16 09:08:30', '2012-01-16 09:09:23', '撤离', '86');
INSERT INTO `jobinfo` VALUES ('3047', '1006', '2012-01-16 09:08:30', '2012-01-16 09:09:23', '撤离', '86');
INSERT INTO `jobinfo` VALUES ('3048', '1006', '2012-01-16 09:08:31', '2012-01-16 09:09:23', '撤离', '86');
INSERT INTO `jobinfo` VALUES ('3049', '1007', '2012-01-16 09:08:31', '2012-01-16 09:09:21', '撤离', '86');
INSERT INTO `jobinfo` VALUES ('3050', '1007', '2012-01-16 09:08:32', '2012-01-16 09:09:21', '撤离', '86');
INSERT INTO `jobinfo` VALUES ('3051', '1008', '2012-01-16 09:08:32', '2012-01-16 09:09:21', '撤离', '86');
INSERT INTO `jobinfo` VALUES ('3052', '1008', '2012-01-16 09:08:33', '2012-01-16 09:09:21', '撤离', '86');
INSERT INTO `jobinfo` VALUES ('3053', '1009', '2012-01-16 09:08:33', '2012-01-16 09:09:19', '撤离', '86');
INSERT INTO `jobinfo` VALUES ('3054', '1009', '2012-01-16 09:08:34', '2012-01-16 09:09:19', '撤离', '86');
INSERT INTO `jobinfo` VALUES ('3055', '1010', '2012-01-16 09:08:34', '2012-01-16 09:09:19', '撤离', '86');
INSERT INTO `jobinfo` VALUES ('3056', '1010', '2012-01-16 09:08:35', '2012-01-16 09:09:19', '撤离', '86');
INSERT INTO `jobinfo` VALUES ('3057', '1011', '2012-01-16 09:08:35', '2012-01-16 09:09:17', '撤离', '86');
INSERT INTO `jobinfo` VALUES ('3058', '1011', '2012-01-16 09:08:36', '2012-01-16 09:09:17', '撤离', '86');
INSERT INTO `jobinfo` VALUES ('3059', '1012', '2012-01-16 09:08:36', '2012-01-16 09:09:17', '撤离', '86');
INSERT INTO `jobinfo` VALUES ('3060', '1012', '2012-01-16 09:08:37', '2012-01-16 09:09:17', '撤离', '86');
INSERT INTO `jobinfo` VALUES ('3061', '1013', '2012-01-16 09:08:37', '2012-01-16 09:09:15', '撤离', '86');
INSERT INTO `jobinfo` VALUES ('3062', '1013', '2012-01-16 09:08:38', '2012-01-16 09:09:15', '撤离', '86');
INSERT INTO `jobinfo` VALUES ('3063', '1014', '2012-01-16 09:08:38', '2012-01-16 09:09:15', '撤离', '86');
INSERT INTO `jobinfo` VALUES ('3064', '1014', '2012-01-16 09:08:39', '2012-01-16 09:09:15', '撤离', '86');
INSERT INTO `jobinfo` VALUES ('3065', '1015', '2012-01-16 09:08:39', '2012-01-16 09:09:13', '撤离', '86');
INSERT INTO `jobinfo` VALUES ('3066', '1015', '2012-01-16 09:08:40', '2012-01-16 09:09:13', '撤离', '86');
INSERT INTO `jobinfo` VALUES ('3067', '1016', '2012-01-16 09:08:40', '2012-01-16 09:09:13', '撤离', '86');
INSERT INTO `jobinfo` VALUES ('3068', '1016', '2012-01-16 09:08:41', '2012-01-16 09:09:13', '撤离', '86');
INSERT INTO `jobinfo` VALUES ('3069', '1017', '2012-01-16 09:08:41', '2012-01-16 09:09:11', '撤离', '86');
INSERT INTO `jobinfo` VALUES ('3070', '1017', '2012-01-16 09:08:42', '2012-01-16 09:09:11', '撤离', '86');
INSERT INTO `jobinfo` VALUES ('3071', '1018', '2012-01-16 09:08:42', '2012-01-16 09:09:11', '撤离', '86');
INSERT INTO `jobinfo` VALUES ('3072', '1018', '2012-01-16 09:08:43', '2012-01-16 09:09:11', '撤离', '86');
INSERT INTO `jobinfo` VALUES ('3073', '1019', '2012-01-16 09:08:44', '2012-01-16 09:09:09', '撤离', '86');
INSERT INTO `jobinfo` VALUES ('3074', '1019', '2012-01-16 09:08:44', '2012-01-16 09:09:09', '撤离', '86');
INSERT INTO `jobinfo` VALUES ('3075', '1020', '2012-01-16 09:08:44', '2012-01-16 09:09:09', '撤离', '86');
INSERT INTO `jobinfo` VALUES ('3076', '1020', '2012-01-16 09:09:09', '2012-01-16 09:33:03', '恢复工作', '85');
INSERT INTO `jobinfo` VALUES ('3077', '1019', '2012-01-16 09:09:09', '2012-01-16 09:33:03', '恢复工作', '85');
INSERT INTO `jobinfo` VALUES ('3079', '1020', '2012-01-16 09:09:10', '2012-01-16 09:33:03', '恢复工作', '85');
INSERT INTO `jobinfo` VALUES ('3080', '1018', '2012-01-16 09:09:11', '2012-01-16 09:33:01', '恢复工作', '85');
INSERT INTO `jobinfo` VALUES ('3081', '1017', '2012-01-16 09:09:11', '2012-01-16 09:33:01', '恢复工作', '85');
INSERT INTO `jobinfo` VALUES ('3082', '1019', '2012-01-16 09:09:12', '2012-01-16 09:33:03', '恢复工作', '85');
INSERT INTO `jobinfo` VALUES ('3083', '1018', '2012-01-16 09:09:12', '2012-01-16 09:33:01', '恢复工作', '85');
INSERT INTO `jobinfo` VALUES ('3084', '1016', '2012-01-16 09:09:13', '2012-01-16 09:33:00', '恢复工作', '85');
INSERT INTO `jobinfo` VALUES ('3085', '1015', '2012-01-16 09:09:13', '2012-01-16 09:33:00', '恢复工作', '85');
INSERT INTO `jobinfo` VALUES ('3086', '1017', '2012-01-16 09:09:14', '2012-01-16 09:33:01', '恢复工作', '85');
INSERT INTO `jobinfo` VALUES ('4001', '1002', '2012-02-10 13:17:00', '2012-02-10 13:18:06', '恢复工作', '85');
INSERT INTO `jobinfo` VALUES ('4002', '1001', '2012-02-10 13:17:02', '2012-02-10 13:18:06', '恢复工作', '85');
INSERT INTO `jobinfo` VALUES ('4003', '1001', '2012-02-10 13:18:06', '2012-02-10 13:19:02', '撤离', '86');
INSERT INTO `jobinfo` VALUES ('4004', '1002', '2012-02-10 13:18:06', '2012-02-10 13:19:00', '撤离', '86');
INSERT INTO `jobinfo` VALUES ('4005', '1003', '2012-02-10 13:18:08', '2012-02-10 13:19:00', '撤离', '86');
INSERT INTO `jobinfo` VALUES ('4006', '1004', '2012-02-10 13:18:08', '2012-02-10 13:18:58', '撤离', '86');
INSERT INTO `jobinfo` VALUES ('4007', '1005', '2012-02-10 13:18:10', '2012-02-10 13:18:58', '撤离', '86');
INSERT INTO `jobinfo` VALUES ('4008', '1006', '2012-02-10 13:18:10', '2012-02-10 13:18:56', '撤离', '86');
INSERT INTO `jobinfo` VALUES ('4009', '1007', '2012-02-10 13:18:12', '2012-02-10 13:18:56', '撤离', '86');
INSERT INTO `jobinfo` VALUES ('4010', '1008', '2012-02-10 13:18:12', '2012-02-10 13:18:54', '撤离', '86');
INSERT INTO `jobinfo` VALUES ('4011', '1009', '2012-02-10 13:18:14', '2012-02-10 13:18:54', '撤离', '86');
INSERT INTO `jobinfo` VALUES ('4012', '1010', '2012-02-10 13:18:14', '2012-02-10 13:18:52', '撤离', '86');
INSERT INTO `jobinfo` VALUES ('4013', '1011', '2012-02-10 13:18:16', '2012-02-10 13:18:52', '撤离', '86');
INSERT INTO `jobinfo` VALUES ('4014', '1012', '2012-02-10 13:18:16', '2012-02-10 13:18:50', '撤离', '86');
INSERT INTO `jobinfo` VALUES ('4015', '1013', '2012-02-10 13:18:50', '2012-02-10 13:38:08', '恢复工作', '85');
INSERT INTO `jobinfo` VALUES ('4016', '1012', '2012-02-10 13:18:50', '2012-02-10 13:38:06', '恢复工作', '85');
INSERT INTO `jobinfo` VALUES ('4017', '1011', '2012-02-10 13:18:52', '2012-02-10 13:38:06', '恢复工作', '85');
INSERT INTO `jobinfo` VALUES ('4018', '1010', '2012-02-10 13:18:52', '2012-02-10 13:38:04', '恢复工作', '85');
INSERT INTO `jobinfo` VALUES ('4019', '1009', '2012-02-10 13:18:54', '2012-02-10 13:38:04', '恢复工作', '85');
INSERT INTO `jobinfo` VALUES ('4020', '1008', '2012-02-10 13:18:54', '2012-02-10 13:38:02', '恢复工作', '85');
INSERT INTO `jobinfo` VALUES ('4021', '1007', '2012-02-10 13:18:56', '2012-02-10 13:38:02', '恢复工作', '85');
INSERT INTO `jobinfo` VALUES ('4022', '1006', '2012-02-10 13:18:56', '2012-02-10 13:38:00', '恢复工作', '85');
INSERT INTO `jobinfo` VALUES ('4023', '1005', '2012-02-10 13:18:58', '2012-02-10 13:38:00', '恢复工作', '85');
INSERT INTO `jobinfo` VALUES ('4024', '1004', '2012-02-10 13:18:58', '2012-02-10 13:37:58', '恢复工作', '85');
INSERT INTO `jobinfo` VALUES ('4025', '1003', '2012-02-10 13:19:00', '2012-02-10 13:37:58', '恢复工作', '85');
INSERT INTO `jobinfo` VALUES ('4026', '1002', '2012-02-10 13:19:00', '2012-02-10 13:37:56', '恢复工作', '85');
INSERT INTO `jobinfo` VALUES ('4027', '1001', '2012-02-10 13:19:02', '2012-02-10 13:37:56', '恢复工作', '85');
INSERT INTO `jobinfo` VALUES ('4028', '1001', '2012-02-10 13:35:08', '2012-02-10 13:37:56', '恢复工作', '85');
INSERT INTO `jobinfo` VALUES ('4029', '1002', '2012-02-10 13:35:08', '2012-02-10 13:37:56', '恢复工作', '85');
INSERT INTO `jobinfo` VALUES ('4030', '1003', '2012-02-10 13:35:08', '2012-02-10 13:37:58', '恢复工作', '85');
INSERT INTO `jobinfo` VALUES ('4031', '1004', '2012-02-10 13:35:08', '2012-02-10 13:37:58', '恢复工作', '85');
INSERT INTO `jobinfo` VALUES ('4032', '1005', '2012-02-10 13:35:08', '2012-02-10 13:38:00', '恢复工作', '85');
INSERT INTO `jobinfo` VALUES ('4033', '1006', '2012-02-10 13:35:08', '2012-02-10 13:38:00', '恢复工作', '85');
INSERT INTO `jobinfo` VALUES ('4034', '1007', '2012-02-10 13:35:08', '2012-02-10 13:38:02', '恢复工作', '85');
INSERT INTO `jobinfo` VALUES ('4035', '1008', '2012-02-10 13:35:08', '2012-02-10 13:38:02', '恢复工作', '85');
INSERT INTO `jobinfo` VALUES ('4036', '1009', '2012-02-10 13:35:08', '2012-02-10 13:38:04', '恢复工作', '85');
INSERT INTO `jobinfo` VALUES ('4037', '1010', '2012-02-10 13:35:08', '2012-02-10 13:38:04', '恢复工作', '85');
INSERT INTO `jobinfo` VALUES ('4038', '1011', '2012-02-10 13:35:08', '2012-02-10 13:38:06', '恢复工作', '85');
INSERT INTO `jobinfo` VALUES ('4039', '1012', '2012-02-10 13:35:08', '2012-02-10 13:38:06', '恢复工作', '85');
INSERT INTO `jobinfo` VALUES ('4040', '1013', '2012-02-10 13:35:08', '2012-02-10 13:38:08', '恢复工作', '85');
INSERT INTO `jobinfo` VALUES ('4041', '1014', '2012-02-10 13:35:08', '2012-02-10 13:38:08', '恢复工作', '85');
INSERT INTO `jobinfo` VALUES ('4042', '1015', '2012-02-10 13:35:08', '2012-02-10 13:38:10', '恢复工作', '85');
INSERT INTO `jobinfo` VALUES ('4043', '1016', '2012-02-10 13:35:08', '2012-02-10 13:38:10', '恢复工作', '85');
INSERT INTO `jobinfo` VALUES ('4044', '1017', '2012-02-10 13:35:08', '2012-02-10 13:38:12', '恢复工作', '85');
INSERT INTO `jobinfo` VALUES ('4045', '1018', '2012-02-10 13:35:08', '2012-02-10 13:38:12', '恢复工作', '85');
INSERT INTO `jobinfo` VALUES ('4046', '1019', '2012-02-10 13:35:08', '2012-02-10 13:38:14', '恢复工作', '85');
INSERT INTO `jobinfo` VALUES ('4047', '1020', '2012-02-10 13:35:08', '2012-02-10 13:38:14', '恢复工作', '85');
INSERT INTO `jobinfo` VALUES ('4048', '1001', '2012-02-10 13:37:56', '2012-02-10 13:39:00', '撤离', '86');
INSERT INTO `jobinfo` VALUES ('4049', '1002', '2012-02-10 13:37:56', '2012-02-10 13:38:58', '撤离', '86');
INSERT INTO `jobinfo` VALUES ('4050', '1003', '2012-02-10 13:37:58', '2012-02-10 13:38:58', '撤离', '86');
INSERT INTO `jobinfo` VALUES ('4051', '1004', '2012-02-10 13:37:58', '2012-02-10 13:38:56', '撤离', '86');
INSERT INTO `jobinfo` VALUES ('4052', '1005', '2012-02-10 13:38:00', '2012-02-10 13:38:56', '撤离', '86');
INSERT INTO `jobinfo` VALUES ('4053', '1006', '2012-02-10 13:38:00', '2012-02-10 13:38:54', '撤离', '86');
INSERT INTO `jobinfo` VALUES ('4054', '1007', '2012-02-10 13:38:02', '2012-02-10 13:38:54', '撤离', '86');
INSERT INTO `jobinfo` VALUES ('4055', '1008', '2012-02-10 13:38:02', '2012-02-10 13:38:52', '撤离', '86');
INSERT INTO `jobinfo` VALUES ('4056', '1009', '2012-02-10 13:38:04', '2012-02-10 13:38:52', '撤离', '86');
INSERT INTO `jobinfo` VALUES ('4057', '1010', '2012-02-10 13:38:04', '2012-02-10 13:38:50', '撤离', '86');
INSERT INTO `jobinfo` VALUES ('4058', '1011', '2012-02-10 13:38:06', '2012-02-10 13:38:50', '撤离', '86');
INSERT INTO `jobinfo` VALUES ('4059', '1012', '2012-02-10 13:38:06', '2012-02-10 13:38:48', '撤离', '86');
INSERT INTO `jobinfo` VALUES ('4060', '1013', '2012-02-10 13:38:08', '2012-02-10 13:38:48', '撤离', '86');
INSERT INTO `jobinfo` VALUES ('4061', '1014', '2012-02-10 13:38:08', '2012-02-10 13:38:46', '撤离', '86');
INSERT INTO `jobinfo` VALUES ('4062', '1015', '2012-02-10 13:38:10', '2012-02-10 13:38:46', '撤离', '86');
INSERT INTO `jobinfo` VALUES ('4063', '1016', '2012-02-10 13:38:10', '2012-02-10 13:38:44', '撤离', '86');
INSERT INTO `jobinfo` VALUES ('4064', '1017', '2012-02-10 13:38:12', '2012-02-10 13:38:44', '撤离', '86');
INSERT INTO `jobinfo` VALUES ('4065', '1018', '2012-02-10 13:38:12', '2012-02-10 13:38:42', '撤离', '86');
INSERT INTO `jobinfo` VALUES ('4066', '1019', '2012-02-10 13:38:14', '2012-02-10 13:38:42', '撤离', '86');
INSERT INTO `jobinfo` VALUES ('4067', '1020', '2012-02-10 13:38:14', '2012-02-10 13:38:40', '撤离', '86');
INSERT INTO `jobinfo` VALUES ('4068', '1020', '2012-02-10 13:38:40', '2012-02-10 13:41:49', '恢复工作', '85');
INSERT INTO `jobinfo` VALUES ('4069', '1019', '2012-02-10 13:38:42', '2012-02-10 13:41:48', '恢复工作', '85');
INSERT INTO `jobinfo` VALUES ('4070', '1018', '2012-02-10 13:38:42', '2012-02-10 13:41:47', '恢复工作', '85');
INSERT INTO `jobinfo` VALUES ('4071', '1017', '2012-02-10 13:38:44', '2012-02-10 13:41:47', '恢复工作', '85');
INSERT INTO `jobinfo` VALUES ('4072', '1016', '2012-02-10 13:38:44', '2012-02-10 13:41:45', '恢复工作', '85');
INSERT INTO `jobinfo` VALUES ('4073', '1015', '2012-02-10 13:38:46', '2012-02-10 13:41:45', '恢复工作', '85');
INSERT INTO `jobinfo` VALUES ('4074', '1014', '2012-02-10 13:38:46', '2012-02-10 13:41:43', '恢复工作', '85');
INSERT INTO `jobinfo` VALUES ('4075', '1013', '2012-02-10 13:38:48', '2012-02-10 13:41:43', '恢复工作', '85');
INSERT INTO `jobinfo` VALUES ('4076', '1012', '2012-02-10 13:38:48', '2012-02-10 13:41:41', '恢复工作', '85');
INSERT INTO `jobinfo` VALUES ('4077', '1011', '2012-02-10 13:38:50', '2012-02-10 13:41:40', '恢复工作', '85');
INSERT INTO `jobinfo` VALUES ('4078', '1010', '2012-02-10 13:38:50', '2012-02-10 13:41:39', '恢复工作', '85');
INSERT INTO `jobinfo` VALUES ('4079', '1009', '2012-02-10 13:38:52', '2012-02-10 13:41:38', '恢复工作', '85');
INSERT INTO `jobinfo` VALUES ('4080', '1008', '2012-02-10 13:38:52', '2012-02-10 13:41:37', '恢复工作', '85');
INSERT INTO `jobinfo` VALUES ('4081', '1007', '2012-02-10 13:38:54', '2012-02-10 13:41:36', '恢复工作', '85');
INSERT INTO `jobinfo` VALUES ('4082', '1006', '2012-02-10 13:38:54', '2012-02-10 13:41:35', '恢复工作', '85');
INSERT INTO `jobinfo` VALUES ('4083', '1005', '2012-02-10 13:38:56', '2012-02-10 13:41:34', '恢复工作', '85');
INSERT INTO `jobinfo` VALUES ('4084', '1004', '2012-02-10 13:38:56', '2012-02-10 13:41:33', '恢复工作', '85');
INSERT INTO `jobinfo` VALUES ('4085', '1003', '2012-02-10 13:38:58', '2012-02-10 13:41:33', '恢复工作', '85');
INSERT INTO `jobinfo` VALUES ('4086', '1002', '2012-02-10 13:38:58', '2012-02-10 13:41:31', '恢复工作', '85');
INSERT INTO `jobinfo` VALUES ('4087', '1001', '2012-02-10 13:39:00', '2012-02-10 13:41:30', '恢复工作', '85');
INSERT INTO `jobinfo` VALUES ('4088', '1001', '2012-02-10 13:41:31', '2012-02-10 13:42:34', '撤离', '86');
INSERT INTO `jobinfo` VALUES ('4089', '1002', '2012-02-10 13:41:31', '2012-02-10 13:42:33', '撤离', '86');
INSERT INTO `jobinfo` VALUES ('4090', '1003', '2012-02-10 13:41:33', '2012-02-10 13:42:32', '撤离', '86');
INSERT INTO `jobinfo` VALUES ('4091', '1004', '2012-02-10 13:41:33', '2012-02-10 13:42:31', '撤离', '86');
INSERT INTO `jobinfo` VALUES ('4092', '1005', '2012-02-10 13:41:35', '2012-02-10 13:42:30', '撤离', '86');
INSERT INTO `jobinfo` VALUES ('4093', '1006', '2012-02-10 13:41:35', '2012-02-10 13:42:29', '撤离', '86');
INSERT INTO `jobinfo` VALUES ('4094', '1007', '2012-02-10 13:41:37', '2012-02-10 13:42:28', '撤离', '86');
INSERT INTO `jobinfo` VALUES ('4095', '1008', '2012-02-10 13:41:37', '2012-02-10 13:42:27', '撤离', '86');
INSERT INTO `jobinfo` VALUES ('4096', '1009', '2012-02-10 13:41:39', '2012-02-10 13:42:26', '撤离', '86');
INSERT INTO `jobinfo` VALUES ('4097', '1010', '2012-02-10 13:41:39', '2012-02-10 13:42:25', '撤离', '86');
INSERT INTO `jobinfo` VALUES ('4098', '1011', '2012-02-10 13:41:41', '2012-02-10 13:42:24', '撤离', '86');
INSERT INTO `jobinfo` VALUES ('4099', '1012', '2012-02-10 13:41:41', '2012-02-10 13:42:23', '撤离', '86');
INSERT INTO `jobinfo` VALUES ('4100', '1013', '2012-02-10 13:41:43', '2012-02-10 13:42:22', '撤离', '86');
INSERT INTO `jobinfo` VALUES ('4101', '1014', '2012-02-10 13:41:43', '2012-02-10 13:42:21', '撤离', '86');
INSERT INTO `jobinfo` VALUES ('4102', '1015', '2012-02-10 13:41:45', '2012-02-10 13:42:20', '撤离', '86');
INSERT INTO `jobinfo` VALUES ('4103', '1016', '2012-02-10 13:41:45', '2012-02-10 13:42:19', '撤离', '86');
INSERT INTO `jobinfo` VALUES ('4104', '1017', '2012-02-10 13:41:47', '2012-02-10 13:42:18', '撤离', '86');
INSERT INTO `jobinfo` VALUES ('4105', '1018', '2012-02-10 13:41:47', '2012-02-10 13:42:17', '撤离', '86');
INSERT INTO `jobinfo` VALUES ('4106', '1019', '2012-02-10 13:41:49', '2012-02-10 13:42:16', '撤离', '86');
INSERT INTO `jobinfo` VALUES ('4107', '1020', '2012-02-10 13:41:49', '2012-02-10 13:42:15', '撤离', '86');
INSERT INTO `jobinfo` VALUES ('4108', '1020', '2012-02-10 13:42:15', '2012-02-10 13:45:45', '恢复工作', '85');
INSERT INTO `jobinfo` VALUES ('4109', '1019', '2012-02-10 13:42:17', '2012-02-10 13:45:45', '恢复工作', '85');
INSERT INTO `jobinfo` VALUES ('4110', '1018', '2012-02-10 13:42:17', '2012-02-10 13:45:43', '恢复工作', '85');
INSERT INTO `jobinfo` VALUES ('4111', '1017', '2012-02-10 13:42:19', '2012-02-10 13:45:43', '恢复工作', '85');
INSERT INTO `jobinfo` VALUES ('4112', '1016', '2012-02-10 13:42:19', '2012-02-10 13:44:23', '恢复工作', '85');
INSERT INTO `jobinfo` VALUES ('4113', '1015', '2012-02-10 13:42:21', '2012-02-10 13:44:23', '恢复工作', '85');
INSERT INTO `jobinfo` VALUES ('4114', '1014', '2012-02-10 13:42:21', '2012-02-10 13:44:21', '恢复工作', '85');
INSERT INTO `jobinfo` VALUES ('4115', '1013', '2012-02-10 13:42:23', '2012-02-10 13:44:21', '恢复工作', '85');
INSERT INTO `jobinfo` VALUES ('4116', '1012', '2012-02-10 13:42:23', '2012-02-10 13:44:19', '恢复工作', '85');
INSERT INTO `jobinfo` VALUES ('4117', '1011', '2012-02-10 13:42:24', '2012-02-10 13:44:19', '恢复工作', '85');
INSERT INTO `jobinfo` VALUES ('4118', '1010', '2012-02-10 13:42:25', '2012-02-10 13:44:17', '恢复工作', '85');
INSERT INTO `jobinfo` VALUES ('4119', '1009', '2012-02-10 13:42:27', '2012-02-10 13:44:17', '恢复工作', '85');
INSERT INTO `jobinfo` VALUES ('4120', '1008', '2012-02-10 13:42:27', '2012-02-10 13:44:15', '恢复工作', '85');
INSERT INTO `jobinfo` VALUES ('4121', '1007', '2012-02-10 13:42:29', '2012-02-10 13:44:15', '恢复工作', '85');
INSERT INTO `jobinfo` VALUES ('4122', '1006', '2012-02-10 13:42:29', '2012-02-10 13:44:13', '恢复工作', '85');
INSERT INTO `jobinfo` VALUES ('4123', '1005', '2012-02-10 13:42:31', '2012-02-10 13:44:13', '恢复工作', '85');
INSERT INTO `jobinfo` VALUES ('4124', '1004', '2012-02-10 13:42:31', '2012-02-10 13:44:11', '恢复工作', '85');
INSERT INTO `jobinfo` VALUES ('4125', '1003', '2012-02-10 13:42:33', '2012-02-10 13:44:11', '恢复工作', '85');
INSERT INTO `jobinfo` VALUES ('4126', '1002', '2012-02-10 13:42:33', '2012-02-10 13:44:09', '恢复工作', '85');
INSERT INTO `jobinfo` VALUES ('4127', '1001', '2012-02-10 13:42:35', '2012-02-10 13:44:09', '恢复工作', '85');
INSERT INTO `jobinfo` VALUES ('4128', '1001', '2012-02-10 13:44:09', '2012-02-10 13:46:31', '撤离', '86');
INSERT INTO `jobinfo` VALUES ('4129', '1002', '2012-02-10 13:44:09', '2012-02-10 13:46:29', '撤离', '86');
INSERT INTO `jobinfo` VALUES ('4130', '1003', '2012-02-10 13:44:11', '2012-02-10 13:46:29', '撤离', '86');
INSERT INTO `jobinfo` VALUES ('4131', '1004', '2012-02-10 13:44:11', '2012-02-10 13:46:27', '撤离', '86');
INSERT INTO `jobinfo` VALUES ('4132', '1005', '2012-02-10 13:44:13', '2012-02-10 13:46:27', '撤离', '86');
INSERT INTO `jobinfo` VALUES ('4133', '1006', '2012-02-10 13:44:13', '2012-02-10 13:46:25', '撤离', '86');
INSERT INTO `jobinfo` VALUES ('4134', '1007', '2012-02-10 13:44:15', '2012-02-10 13:46:25', '撤离', '86');
INSERT INTO `jobinfo` VALUES ('4135', '1008', '2012-02-10 13:44:15', '2012-02-10 13:46:23', '撤离', '86');
INSERT INTO `jobinfo` VALUES ('4136', '1009', '2012-02-10 13:44:17', '2012-02-10 13:46:23', '撤离', '86');
INSERT INTO `jobinfo` VALUES ('4137', '1010', '2012-02-10 13:44:17', '2012-02-10 13:46:21', '撤离', '86');
INSERT INTO `jobinfo` VALUES ('4138', '1011', '2012-02-10 13:44:19', '2012-02-10 13:46:21', '撤离', '86');
INSERT INTO `jobinfo` VALUES ('4139', '1012', '2012-02-10 13:44:19', '2012-02-10 13:46:19', '撤离', '86');
INSERT INTO `jobinfo` VALUES ('4140', '1013', '2012-02-10 13:44:21', '2012-02-10 13:46:19', '撤离', '86');
INSERT INTO `jobinfo` VALUES ('4141', '1014', '2012-02-10 13:44:21', '2012-02-10 13:46:17', '撤离', '86');
INSERT INTO `jobinfo` VALUES ('4142', '1015', '2012-02-10 13:44:23', '2012-02-10 13:46:17', '撤离', '86');
INSERT INTO `jobinfo` VALUES ('4143', '1016', '2012-02-10 13:44:23', '2012-02-10 13:46:15', '撤离', '86');
INSERT INTO `jobinfo` VALUES ('4144', '1001', '2012-02-10 13:44:33', '2012-02-10 13:46:31', '撤离', '86');
INSERT INTO `jobinfo` VALUES ('4145', '1002', '2012-02-10 13:44:33', '2012-02-10 13:46:29', '撤离', '86');
INSERT INTO `jobinfo` VALUES ('4146', '1003', '2012-02-10 13:44:35', '2012-02-10 13:46:29', '撤离', '86');
INSERT INTO `jobinfo` VALUES ('4147', '1004', '2012-02-10 13:44:35', '2012-02-10 13:46:27', '撤离', '86');
INSERT INTO `jobinfo` VALUES ('4148', '1005', '2012-02-10 13:44:37', '2012-02-10 13:46:27', '撤离', '86');
INSERT INTO `jobinfo` VALUES ('4149', '1006', '2012-02-10 13:44:37', '2012-02-10 13:46:25', '撤离', '86');
INSERT INTO `jobinfo` VALUES ('4150', '1007', '2012-02-10 13:44:39', '2012-02-10 13:46:25', '撤离', '86');
INSERT INTO `jobinfo` VALUES ('4151', '1008', '2012-02-10 13:44:39', '2012-02-10 13:46:23', '撤离', '86');
INSERT INTO `jobinfo` VALUES ('4152', '1009', '2012-02-10 13:44:41', '2012-02-10 13:46:23', '撤离', '86');
INSERT INTO `jobinfo` VALUES ('4153', '1010', '2012-02-10 13:44:41', '2012-02-10 13:46:21', '撤离', '86');
INSERT INTO `jobinfo` VALUES ('4154', '1011', '2012-02-10 13:44:43', '2012-02-10 13:46:21', '撤离', '86');
INSERT INTO `jobinfo` VALUES ('4155', '1012', '2012-02-10 13:44:43', '2012-02-10 13:46:19', '撤离', '86');
INSERT INTO `jobinfo` VALUES ('4156', '1013', '2012-02-10 13:44:45', '2012-02-10 13:46:19', '撤离', '86');
INSERT INTO `jobinfo` VALUES ('4157', '1014', '2012-02-10 13:44:45', '2012-02-10 13:46:17', '撤离', '86');
INSERT INTO `jobinfo` VALUES ('4158', '1015', '2012-02-10 13:44:47', '2012-02-10 13:46:17', '撤离', '86');
INSERT INTO `jobinfo` VALUES ('4159', '1016', '2012-02-10 13:44:47', '2012-02-10 13:46:15', '撤离', '86');
INSERT INTO `jobinfo` VALUES ('4160', '1001', '2012-02-10 13:45:27', '2012-02-10 13:46:31', '撤离', '86');
INSERT INTO `jobinfo` VALUES ('4161', '1002', '2012-02-10 13:45:27', '2012-02-10 13:46:29', '撤离', '86');
INSERT INTO `jobinfo` VALUES ('4162', '1003', '2012-02-10 13:45:29', '2012-02-10 13:46:29', '撤离', '86');
INSERT INTO `jobinfo` VALUES ('4163', '1004', '2012-02-10 13:45:29', '2012-02-10 13:46:27', '撤离', '86');
INSERT INTO `jobinfo` VALUES ('4164', '1005', '2012-02-10 13:45:31', '2012-02-10 13:46:27', '撤离', '86');
INSERT INTO `jobinfo` VALUES ('4165', '1006', '2012-02-10 13:45:31', '2012-02-10 13:46:25', '撤离', '86');
INSERT INTO `jobinfo` VALUES ('4166', '1007', '2012-02-10 13:45:33', '2012-02-10 13:46:25', '撤离', '86');
INSERT INTO `jobinfo` VALUES ('4167', '1008', '2012-02-10 13:45:33', '2012-02-10 13:46:23', '撤离', '86');
INSERT INTO `jobinfo` VALUES ('4168', '1009', '2012-02-10 13:45:35', '2012-02-10 13:46:23', '撤离', '86');
INSERT INTO `jobinfo` VALUES ('4169', '1010', '2012-02-10 13:45:35', '2012-02-10 13:46:21', '撤离', '86');
INSERT INTO `jobinfo` VALUES ('4170', '1011', '2012-02-10 13:45:37', '2012-02-10 13:46:21', '撤离', '86');
INSERT INTO `jobinfo` VALUES ('4171', '1012', '2012-02-10 13:45:37', '2012-02-10 13:46:19', '撤离', '86');
INSERT INTO `jobinfo` VALUES ('4172', '1013', '2012-02-10 13:45:39', '2012-02-10 13:46:19', '撤离', '86');
INSERT INTO `jobinfo` VALUES ('4173', '1014', '2012-02-10 13:45:39', '2012-02-10 13:46:17', '撤离', '86');
INSERT INTO `jobinfo` VALUES ('4174', '1015', '2012-02-10 13:45:41', '2012-02-10 13:46:17', '撤离', '86');
INSERT INTO `jobinfo` VALUES ('4175', '1016', '2012-02-10 13:45:41', '2012-02-10 13:46:15', '撤离', '86');
INSERT INTO `jobinfo` VALUES ('4176', '1017', '2012-02-10 13:45:43', '2012-02-10 13:46:15', '撤离', '86');
INSERT INTO `jobinfo` VALUES ('4177', '1018', '2012-02-10 13:45:43', '2012-02-10 13:46:13', '撤离', '86');
INSERT INTO `jobinfo` VALUES ('4178', '1019', '2012-02-10 13:45:45', '2012-02-10 13:46:13', '撤离', '86');
INSERT INTO `jobinfo` VALUES ('4179', '1020', '2012-02-10 13:45:45', '2012-02-10 13:46:11', '撤离', '86');
INSERT INTO `jobinfo` VALUES ('4180', '1020', '2012-02-10 13:46:11', '2012-02-10 13:47:56', '恢复工作', '85');
INSERT INTO `jobinfo` VALUES ('4181', '1019', '2012-02-10 13:46:13', '2012-02-10 13:47:56', '恢复工作', '85');
INSERT INTO `jobinfo` VALUES ('4182', '1018', '2012-02-10 13:46:13', '2012-02-10 13:47:54', '恢复工作', '85');
INSERT INTO `jobinfo` VALUES ('4183', '1017', '2012-02-10 13:46:15', '2012-02-10 13:47:54', '恢复工作', '85');
INSERT INTO `jobinfo` VALUES ('4184', '1016', '2012-02-10 13:46:15', '2012-02-10 13:47:52', '恢复工作', '85');
INSERT INTO `jobinfo` VALUES ('4185', '1015', '2012-02-10 13:46:17', '2012-02-10 13:47:52', '恢复工作', '85');
INSERT INTO `jobinfo` VALUES ('4186', '1014', '2012-02-10 13:46:17', '2012-02-10 13:47:50', '恢复工作', '85');
INSERT INTO `jobinfo` VALUES ('4187', '1013', '2012-02-10 13:46:19', '2012-02-10 13:47:50', '恢复工作', '85');
INSERT INTO `jobinfo` VALUES ('4188', '1012', '2012-02-10 13:46:19', '2012-02-10 13:47:48', '恢复工作', '85');
INSERT INTO `jobinfo` VALUES ('4189', '1011', '2012-02-10 13:46:21', '2012-02-10 13:47:48', '恢复工作', '85');
INSERT INTO `jobinfo` VALUES ('4190', '1010', '2012-02-10 13:46:21', '2012-02-10 13:47:46', '恢复工作', '85');
INSERT INTO `jobinfo` VALUES ('4191', '1009', '2012-02-10 13:46:23', '2012-02-10 13:47:46', '恢复工作', '85');
INSERT INTO `jobinfo` VALUES ('4192', '1008', '2012-02-10 13:46:23', '2012-02-10 13:47:44', '恢复工作', '85');
INSERT INTO `jobinfo` VALUES ('4193', '1007', '2012-02-10 13:46:25', '2012-02-10 13:47:44', '恢复工作', '85');
INSERT INTO `jobinfo` VALUES ('4194', '1006', '2012-02-10 13:46:25', '2012-02-10 13:47:42', '恢复工作', '85');
INSERT INTO `jobinfo` VALUES ('4195', '1005', '2012-02-10 13:46:27', '2012-02-10 13:47:42', '恢复工作', '85');
INSERT INTO `jobinfo` VALUES ('4196', '1004', '2012-02-10 13:46:27', '2012-02-10 13:47:40', '恢复工作', '85');
INSERT INTO `jobinfo` VALUES ('4197', '1003', '2012-02-10 13:46:29', '2012-02-10 13:47:40', '恢复工作', '85');
INSERT INTO `jobinfo` VALUES ('4198', '1002', '2012-02-10 13:46:29', '2012-02-10 13:47:38', '恢复工作', '85');
INSERT INTO `jobinfo` VALUES ('4199', '1001', '2012-02-10 13:46:31', '2012-02-10 13:47:38', '恢复工作', '85');
INSERT INTO `jobinfo` VALUES ('4200', '1001', '2012-02-10 13:47:38', '2012-02-10 13:48:42', '撤离', '86');
INSERT INTO `jobinfo` VALUES ('4201', '1002', '2012-02-10 13:47:38', '2012-02-10 13:48:40', '撤离', '86');
INSERT INTO `jobinfo` VALUES ('4202', '1003', '2012-02-10 13:47:40', '2012-02-10 13:48:40', '撤离', '86');
INSERT INTO `jobinfo` VALUES ('4203', '1004', '2012-02-10 13:47:40', '2012-02-10 13:48:38', '撤离', '86');
INSERT INTO `jobinfo` VALUES ('4204', '1005', '2012-02-10 13:47:42', '2012-02-10 13:48:38', '撤离', '86');
INSERT INTO `jobinfo` VALUES ('4205', '1006', '2012-02-10 13:47:42', '2012-02-10 13:48:36', '撤离', '86');
INSERT INTO `jobinfo` VALUES ('4206', '1007', '2012-02-10 13:47:44', '2012-02-10 13:48:36', '撤离', '86');
INSERT INTO `jobinfo` VALUES ('4207', '1008', '2012-02-10 13:47:44', '2012-02-10 13:48:34', '撤离', '86');
INSERT INTO `jobinfo` VALUES ('4208', '1009', '2012-02-10 13:47:46', '2012-02-10 13:48:34', '撤离', '86');
INSERT INTO `jobinfo` VALUES ('4209', '1010', '2012-02-10 13:47:46', '2012-02-10 13:48:32', '撤离', '86');
INSERT INTO `jobinfo` VALUES ('4210', '1011', '2012-02-10 13:47:48', '2012-02-10 13:48:32', '撤离', '86');
INSERT INTO `jobinfo` VALUES ('4211', '1012', '2012-02-10 13:47:48', '2012-02-10 13:48:30', '撤离', '86');
INSERT INTO `jobinfo` VALUES ('4212', '1013', '2012-02-10 13:47:50', '2012-02-10 13:48:30', '撤离', '86');
INSERT INTO `jobinfo` VALUES ('4213', '1014', '2012-02-10 13:47:50', '2012-02-10 13:48:28', '撤离', '86');
INSERT INTO `jobinfo` VALUES ('4214', '1015', '2012-02-10 13:47:52', '2012-02-10 13:48:28', '撤离', '86');
INSERT INTO `jobinfo` VALUES ('4215', '1016', '2012-02-10 13:47:52', '2012-02-10 13:48:26', '撤离', '86');
INSERT INTO `jobinfo` VALUES ('4216', '1017', '2012-02-10 13:47:54', '2012-02-10 13:48:26', '撤离', '86');
INSERT INTO `jobinfo` VALUES ('4217', '1018', '2012-02-10 13:47:54', '2012-02-10 13:48:24', '撤离', '86');
INSERT INTO `jobinfo` VALUES ('4218', '1019', '2012-02-10 13:47:56', '2012-02-10 13:48:24', '撤离', '86');
INSERT INTO `jobinfo` VALUES ('4219', '1020', '2012-02-10 13:47:56', '2012-02-10 13:48:22', '撤离', '86');
INSERT INTO `jobinfo` VALUES ('4220', '1020', '2012-02-10 13:48:22', '2012-02-10 14:15:59', '恢复工作', '85');
INSERT INTO `jobinfo` VALUES ('4221', '1019', '2012-02-10 13:48:24', '2012-02-10 14:15:57', '恢复工作', '85');
INSERT INTO `jobinfo` VALUES ('4222', '1018', '2012-02-10 13:48:24', '2012-02-10 14:15:57', '恢复工作', '85');
INSERT INTO `jobinfo` VALUES ('4223', '1017', '2012-02-10 13:48:26', '2012-02-10 14:15:55', '恢复工作', '85');
INSERT INTO `jobinfo` VALUES ('4224', '1016', '2012-02-10 13:48:26', '2012-02-10 14:15:53', '恢复工作', '85');
INSERT INTO `jobinfo` VALUES ('4225', '1015', '2012-02-10 13:48:28', '2012-02-10 14:15:53', '恢复工作', '85');
INSERT INTO `jobinfo` VALUES ('4226', '1014', '2012-02-10 13:48:28', '2012-02-10 14:15:43', '恢复工作', '85');
INSERT INTO `jobinfo` VALUES ('4227', '1013', '2012-02-10 13:48:30', '2012-02-10 14:15:43', '恢复工作', '85');
INSERT INTO `jobinfo` VALUES ('4228', '1012', '2012-02-10 13:48:30', '2012-02-10 14:15:41', '恢复工作', '85');
INSERT INTO `jobinfo` VALUES ('4229', '1011', '2012-02-10 13:48:32', '2012-02-10 14:15:41', '恢复工作', '85');
INSERT INTO `jobinfo` VALUES ('4230', '1010', '2012-02-10 13:48:32', '2012-02-10 14:15:39', '恢复工作', '85');
INSERT INTO `jobinfo` VALUES ('4231', '1009', '2012-02-10 13:48:34', '2012-02-10 14:15:39', '恢复工作', '85');
INSERT INTO `jobinfo` VALUES ('4232', '1008', '2012-02-10 13:48:34', '2012-02-10 14:15:37', '恢复工作', '85');
INSERT INTO `jobinfo` VALUES ('4233', '1007', '2012-02-10 13:48:36', '2012-02-10 14:15:37', '恢复工作', '85');
INSERT INTO `jobinfo` VALUES ('4234', '1006', '2012-02-10 13:48:36', '2012-02-10 14:15:35', '恢复工作', '85');
INSERT INTO `jobinfo` VALUES ('4235', '1005', '2012-02-10 13:48:38', '2012-02-10 14:15:35', '恢复工作', '85');
INSERT INTO `jobinfo` VALUES ('4236', '1004', '2012-02-10 13:48:38', '2012-02-10 14:15:33', '恢复工作', '85');
INSERT INTO `jobinfo` VALUES ('4237', '1003', '2012-02-10 13:48:40', '2012-02-10 14:15:33', '恢复工作', '85');
INSERT INTO `jobinfo` VALUES ('4238', '1002', '2012-02-10 13:48:40', '2012-02-10 14:15:31', '恢复工作', '85');
INSERT INTO `jobinfo` VALUES ('4239', '1001', '2012-02-10 13:48:42', '2012-02-10 14:15:31', '恢复工作', '85');
INSERT INTO `jobinfo` VALUES ('4240', '1001', '2012-02-10 14:15:31', '2012-02-10 14:18:41', '撤离', '86');
INSERT INTO `jobinfo` VALUES ('4241', '1002', '2012-02-10 14:15:31', '2012-02-10 14:18:39', '撤离', '86');
INSERT INTO `jobinfo` VALUES ('4242', '1003', '2012-02-10 14:15:33', '2012-02-10 14:17:17', '撤离', '86');
INSERT INTO `jobinfo` VALUES ('4243', '1004', '2012-02-10 14:15:33', '2012-02-10 14:17:17', '撤离', '86');
INSERT INTO `jobinfo` VALUES ('4244', '1005', '2012-02-10 14:15:35', '2012-02-10 14:17:19', '撤离', '86');
INSERT INTO `jobinfo` VALUES ('4245', '1006', '2012-02-10 14:15:35', '2012-02-10 14:16:55', '撤离', '86');
INSERT INTO `jobinfo` VALUES ('4246', '1007', '2012-02-10 14:15:37', '2012-02-10 14:16:55', '撤离', '86');
INSERT INTO `jobinfo` VALUES ('4247', '1008', '2012-02-10 14:15:37', '2012-02-10 14:16:54', '撤离', '86');
INSERT INTO `jobinfo` VALUES ('4248', '1009', '2012-02-10 14:15:39', '2012-02-10 14:16:54', '撤离', '86');
INSERT INTO `jobinfo` VALUES ('4249', '1010', '2012-02-10 14:15:39', '2012-02-10 14:16:51', '撤离', '86');
INSERT INTO `jobinfo` VALUES ('4250', '1011', '2012-02-10 14:15:41', '2012-02-10 14:16:51', '撤离', '86');
INSERT INTO `jobinfo` VALUES ('4251', '1012', '2012-02-10 14:15:41', '2012-02-10 14:16:31', '撤离', '86');
INSERT INTO `jobinfo` VALUES ('4252', '1013', '2012-02-10 14:15:43', '2012-02-10 14:16:31', '撤离', '86');
INSERT INTO `jobinfo` VALUES ('4253', '1014', '2012-02-10 14:15:43', '2012-02-10 14:16:29', '撤离', '86');
INSERT INTO `jobinfo` VALUES ('4254', '1015', '2012-02-10 14:15:53', '2012-02-10 14:16:29', '撤离', '86');
INSERT INTO `jobinfo` VALUES ('4255', '1016', '2012-02-10 14:15:53', '2012-02-10 14:16:27', '撤离', '86');
INSERT INTO `jobinfo` VALUES ('4256', '1017', '2012-02-10 14:15:55', '2012-02-10 14:16:27', '撤离', '86');
INSERT INTO `jobinfo` VALUES ('4257', '1018', '2012-02-10 14:15:57', '2012-02-10 14:16:27', '撤离', '86');
INSERT INTO `jobinfo` VALUES ('4258', '1019', '2012-02-10 14:15:57', '2012-02-10 14:16:27', '撤离', '86');
INSERT INTO `jobinfo` VALUES ('4259', '1018', '2012-02-10 14:15:57', '2012-02-10 14:16:27', '撤离', '86');
INSERT INTO `jobinfo` VALUES ('4260', '1019', '2012-02-10 14:15:59', '2012-02-10 14:16:27', '撤离', '86');
INSERT INTO `jobinfo` VALUES ('4261', '1020', '2012-02-10 14:15:59', '2012-02-10 14:16:23', '撤离', '86');
INSERT INTO `jobinfo` VALUES ('4262', '1020', '2012-02-10 14:16:23', '2012-02-10 14:22:24', '恢复工作', '85');
INSERT INTO `jobinfo` VALUES ('4263', '1019', '2012-02-10 14:16:27', '2012-02-10 14:22:24', '恢复工作', '85');
INSERT INTO `jobinfo` VALUES ('4264', '1018', '2012-02-10 14:16:27', '2012-02-10 14:22:22', '恢复工作', '85');
INSERT INTO `jobinfo` VALUES ('4265', '1017', '2012-02-10 14:16:27', '2012-02-10 14:22:22', '恢复工作', '85');
INSERT INTO `jobinfo` VALUES ('4266', '1016', '2012-02-10 14:16:27', '2012-02-10 14:22:20', '恢复工作', '85');
INSERT INTO `jobinfo` VALUES ('4267', '1015', '2012-02-10 14:16:29', '2012-02-10 14:22:20', '恢复工作', '85');
INSERT INTO `jobinfo` VALUES ('4268', '1014', '2012-02-10 14:16:29', '2012-02-10 14:21:25', '恢复工作', '85');
INSERT INTO `jobinfo` VALUES ('4269', '1013', '2012-02-10 14:16:31', '2012-02-10 14:21:25', '恢复工作', '85');
INSERT INTO `jobinfo` VALUES ('4270', '1012', '2012-02-10 14:16:31', '2012-02-10 14:21:23', '恢复工作', '85');
INSERT INTO `jobinfo` VALUES ('4271', '1011', '2012-02-10 14:16:51', '2012-02-10 14:21:23', '恢复工作', '85');
INSERT INTO `jobinfo` VALUES ('4272', '1010', '2012-02-10 14:16:51', '2012-02-10 14:21:21', '恢复工作', '85');
INSERT INTO `jobinfo` VALUES ('4273', '1009', '2012-02-10 14:16:54', '2012-02-10 14:21:21', '恢复工作', '85');
INSERT INTO `jobinfo` VALUES ('4274', '1008', '2012-02-10 14:16:54', '2012-02-10 14:21:09', '恢复工作', '85');
INSERT INTO `jobinfo` VALUES ('4275', '1006', '2012-02-10 14:16:57', '2012-02-10 14:20:21', '恢复工作', '85');
INSERT INTO `jobinfo` VALUES ('4276', '1005', '2012-02-10 14:17:15', '2012-02-10 14:20:21', '恢复工作', '85');
INSERT INTO `jobinfo` VALUES ('4277', '1004', '2012-02-10 14:17:17', '2012-02-10 14:20:19', '恢复工作', '85');
INSERT INTO `jobinfo` VALUES ('4278', '1003', '2012-02-10 14:17:17', '2012-02-10 14:20:19', '恢复工作', '85');
INSERT INTO `jobinfo` VALUES ('4279', '1005', '2012-02-10 14:17:19', '2012-02-10 14:20:21', '恢复工作', '85');
INSERT INTO `jobinfo` VALUES ('4280', '1004', '2012-02-10 14:18:37', '2012-02-10 14:20:19', '恢复工作', '85');
INSERT INTO `jobinfo` VALUES ('4281', '1003', '2012-02-10 14:18:37', '2012-02-10 14:20:19', '恢复工作', '85');
INSERT INTO `jobinfo` VALUES ('4282', '1003', '2012-02-10 14:18:39', '2012-02-10 14:20:19', '恢复工作', '85');
INSERT INTO `jobinfo` VALUES ('4283', '1002', '2012-02-10 14:18:39', '2012-02-10 14:20:17', '恢复工作', '85');
INSERT INTO `jobinfo` VALUES ('4284', '1001', '2012-02-10 14:18:41', '2012-02-10 14:20:17', '恢复工作', '85');
INSERT INTO `jobinfo` VALUES ('4285', '1001', '2012-02-10 14:20:17', '2012-02-10 14:26:29', '撤离', '86');
INSERT INTO `jobinfo` VALUES ('4286', '1002', '2012-02-10 14:20:17', '2012-02-10 14:26:27', '撤离', '86');
INSERT INTO `jobinfo` VALUES ('4287', '1004', '2012-02-10 14:20:19', '2012-02-10 14:26:25', '撤离', '86');
INSERT INTO `jobinfo` VALUES ('4288', '1005', '2012-02-10 14:20:21', '2012-02-10 14:26:25', '撤离', '86');
INSERT INTO `jobinfo` VALUES ('4289', '1006', '2012-02-10 14:20:21', '2012-02-10 14:26:23', '撤离', '86');
INSERT INTO `jobinfo` VALUES ('4290', '1007', '2012-02-10 14:21:09', '2012-02-10 14:26:23', '撤离', '86');
INSERT INTO `jobinfo` VALUES ('4291', '1008', '2012-02-10 14:21:09', '2012-02-10 14:26:21', '撤离', '86');
INSERT INTO `jobinfo` VALUES ('4292', '1009', '2012-02-10 14:21:21', '2012-02-10 14:26:21', '撤离', '86');
INSERT INTO `jobinfo` VALUES ('4293', '1010', '2012-02-10 14:21:21', '2012-02-10 14:26:19', '撤离', '86');
INSERT INTO `jobinfo` VALUES ('4294', '1011', '2012-02-10 14:21:23', '2012-02-10 14:26:19', '撤离', '86');
INSERT INTO `jobinfo` VALUES ('4295', '1012', '2012-02-10 14:21:23', '2012-02-10 14:26:17', '撤离', '86');
INSERT INTO `jobinfo` VALUES ('4296', '1013', '2012-02-10 14:21:25', '2012-02-10 14:26:17', '撤离', '86');
INSERT INTO `jobinfo` VALUES ('4297', '1014', '2012-02-10 14:21:25', '2012-02-10 14:26:15', '撤离', '86');
INSERT INTO `jobinfo` VALUES ('4298', '1001', '2012-02-10 14:22:07', '2012-02-10 14:26:29', '撤离', '86');
INSERT INTO `jobinfo` VALUES ('4299', '1002', '2012-02-10 14:22:07', '2012-02-10 14:26:27', '撤离', '86');
INSERT INTO `jobinfo` VALUES ('4300', '1003', '2012-02-10 14:22:09', '2012-02-10 14:26:27', '撤离', '86');
INSERT INTO `jobinfo` VALUES ('4301', '1004', '2012-02-10 14:22:09', '2012-02-10 14:26:25', '撤离', '86');
INSERT INTO `jobinfo` VALUES ('4302', '1005', '2012-02-10 14:22:11', '2012-02-10 14:26:25', '撤离', '86');
INSERT INTO `jobinfo` VALUES ('4303', '1006', '2012-02-10 14:22:11', '2012-02-10 14:26:23', '撤离', '86');
INSERT INTO `jobinfo` VALUES ('4304', '1007', '2012-02-10 14:22:12', '2012-02-10 14:26:23', '撤离', '86');
INSERT INTO `jobinfo` VALUES ('4305', '1008', '2012-02-10 14:22:12', '2012-02-10 14:26:21', '撤离', '86');
INSERT INTO `jobinfo` VALUES ('4306', '1009', '2012-02-10 14:22:14', '2012-02-10 14:26:21', '撤离', '86');
INSERT INTO `jobinfo` VALUES ('4307', '1010', '2012-02-10 14:22:14', '2012-02-10 14:26:19', '撤离', '86');
INSERT INTO `jobinfo` VALUES ('4308', '1011', '2012-02-10 14:22:16', '2012-02-10 14:26:19', '撤离', '86');
INSERT INTO `jobinfo` VALUES ('4309', '1012', '2012-02-10 14:22:16', '2012-02-10 14:26:17', '撤离', '86');
INSERT INTO `jobinfo` VALUES ('4310', '1013', '2012-02-10 14:22:18', '2012-02-10 14:26:17', '撤离', '86');
INSERT INTO `jobinfo` VALUES ('4311', '1014', '2012-02-10 14:22:18', '2012-02-10 14:26:15', '撤离', '86');
INSERT INTO `jobinfo` VALUES ('4312', '1015', '2012-02-10 14:22:20', '2012-02-10 14:26:15', '撤离', '86');
INSERT INTO `jobinfo` VALUES ('4313', '1016', '2012-02-10 14:22:20', '2012-02-10 14:28:50', '撤离', '86');
INSERT INTO `jobinfo` VALUES ('4314', '1001', '2012-02-10 14:22:22', '2012-02-10 14:26:29', '撤离', '86');
INSERT INTO `jobinfo` VALUES ('4315', '1002', '2012-02-10 14:22:22', '2012-02-10 14:26:27', '撤离', '86');
INSERT INTO `jobinfo` VALUES ('4316', '1017', '2012-02-10 14:22:22', '2012-02-10 14:28:50', '撤离', '86');
INSERT INTO `jobinfo` VALUES ('4317', '1018', '2012-02-10 14:22:22', '2012-02-10 14:28:48', '撤离', '86');
INSERT INTO `jobinfo` VALUES ('4318', '1019', '2012-02-10 14:22:24', '2012-02-10 14:28:48', '撤离', '86');
INSERT INTO `jobinfo` VALUES ('4319', '1020', '2012-02-10 14:22:24', '2012-02-10 14:28:42', '撤离', '86');
INSERT INTO `jobinfo` VALUES ('4320', '1003', '2012-02-10 14:23:17', '2012-02-10 14:26:27', '撤离', '86');
INSERT INTO `jobinfo` VALUES ('4321', '1004', '2012-02-10 14:23:17', '2012-02-10 14:26:25', '撤离', '86');
INSERT INTO `jobinfo` VALUES ('4322', '1005', '2012-02-10 14:23:19', '2012-02-10 14:26:25', '撤离', '86');
INSERT INTO `jobinfo` VALUES ('4323', '1006', '2012-02-10 14:23:19', '2012-02-10 14:26:23', '撤离', '86');
INSERT INTO `jobinfo` VALUES ('4324', '1007', '2012-02-10 14:23:21', '2012-02-10 14:26:23', '撤离', '86');
INSERT INTO `jobinfo` VALUES ('4325', '1008', '2012-02-10 14:23:21', '2012-02-10 14:26:21', '撤离', '86');
INSERT INTO `jobinfo` VALUES ('4326', '1009', '2012-02-10 14:23:23', '2012-02-10 14:26:21', '撤离', '86');
INSERT INTO `jobinfo` VALUES ('4327', '1010', '2012-02-10 14:23:23', '2012-02-10 14:26:19', '撤离', '86');
INSERT INTO `jobinfo` VALUES ('4328', '1011', '2012-02-10 14:23:25', '2012-02-10 14:26:19', '撤离', '86');
INSERT INTO `jobinfo` VALUES ('4329', '1012', '2012-02-10 14:23:25', '2012-02-10 14:26:17', '撤离', '86');
INSERT INTO `jobinfo` VALUES ('4330', '1013', '2012-02-10 14:23:27', '2012-02-10 14:26:17', '撤离', '86');
INSERT INTO `jobinfo` VALUES ('4331', '1014', '2012-02-10 14:23:27', '2012-02-10 14:26:15', '撤离', '86');
INSERT INTO `jobinfo` VALUES ('4332', '1015', '2012-02-10 14:26:15', '2012-02-10 14:28:12', '恢复工作', '85');
INSERT INTO `jobinfo` VALUES ('4333', '1014', '2012-02-10 14:26:15', '2012-02-10 14:28:10', '恢复工作', '85');
INSERT INTO `jobinfo` VALUES ('4334', '1013', '2012-02-10 14:26:17', '2012-02-10 14:28:10', '恢复工作', '85');
INSERT INTO `jobinfo` VALUES ('4335', '1012', '2012-02-10 14:26:17', '2012-02-10 14:28:08', '恢复工作', '85');
INSERT INTO `jobinfo` VALUES ('4336', '1011', '2012-02-10 14:26:19', '2012-02-10 14:28:08', '恢复工作', '85');
INSERT INTO `jobinfo` VALUES ('4337', '1010', '2012-02-10 14:26:19', '2012-02-10 14:28:06', '恢复工作', '85');
INSERT INTO `jobinfo` VALUES ('4338', '1009', '2012-02-10 14:26:21', '2012-02-10 14:28:06', '恢复工作', '85');
INSERT INTO `jobinfo` VALUES ('4339', '1008', '2012-02-10 14:26:21', '2012-02-10 14:30:30', '恢复工作', '85');
INSERT INTO `jobinfo` VALUES ('4340', '1007', '2012-02-10 14:26:23', '2012-02-10 14:28:04', '恢复工作', '85');
INSERT INTO `jobinfo` VALUES ('4341', '1006', '2012-02-10 14:26:23', '2012-02-10 14:28:02', '恢复工作', '85');
INSERT INTO `jobinfo` VALUES ('4342', '1005', '2012-02-10 14:26:25', '2012-02-10 14:28:02', '恢复工作', '85');
INSERT INTO `jobinfo` VALUES ('4343', '1004', '2012-02-10 14:26:25', '2012-02-10 14:28:00', '恢复工作', '85');
INSERT INTO `jobinfo` VALUES ('4344', '1003', '2012-02-10 14:26:27', '2012-02-10 14:28:00', '恢复工作', '85');
INSERT INTO `jobinfo` VALUES ('4345', '1002', '2012-02-10 14:26:27', '2012-02-10 14:27:58', '恢复工作', '85');
INSERT INTO `jobinfo` VALUES ('4346', '1001', '2012-02-10 14:26:29', '2012-02-10 14:27:58', '恢复工作', '85');
INSERT INTO `jobinfo` VALUES ('4347', '1001', '2012-02-10 14:27:58', '2012-02-10 14:29:08', '撤离', '86');
INSERT INTO `jobinfo` VALUES ('4348', '1002', '2012-02-10 14:27:58', '2012-02-10 14:29:06', '撤离', '86');
INSERT INTO `jobinfo` VALUES ('4349', '1003', '2012-02-10 14:28:00', '2012-02-10 14:29:06', '撤离', '86');
INSERT INTO `jobinfo` VALUES ('4350', '1004', '2012-02-10 14:28:00', '2012-02-10 14:29:02', '撤离', '86');
INSERT INTO `jobinfo` VALUES ('4351', '1006', '2012-02-10 14:28:02', '2012-02-10 14:29:00', '撤离', '86');
INSERT INTO `jobinfo` VALUES ('4352', '1007', '2012-02-10 14:28:04', '2012-02-10 14:29:00', '撤离', '86');
INSERT INTO `jobinfo` VALUES ('4353', '1011', '2012-02-10 14:28:08', '2012-02-10 14:28:56', '撤离', '86');
INSERT INTO `jobinfo` VALUES ('4354', '1012', '2012-02-10 14:28:08', '2012-02-10 14:28:54', '撤离', '86');
INSERT INTO `jobinfo` VALUES ('4355', '1013', '2012-02-10 14:28:10', '2012-02-10 14:28:54', '撤离', '86');
INSERT INTO `jobinfo` VALUES ('4356', '1014', '2012-02-10 14:28:10', '2012-02-10 14:28:52', '撤离', '86');
INSERT INTO `jobinfo` VALUES ('4357', '1015', '2012-02-10 14:28:12', '2012-02-10 14:28:52', '撤离', '86');
INSERT INTO `jobinfo` VALUES ('4358', '1016', '2012-02-10 14:28:12', '2012-02-10 14:28:50', '撤离', '86');
INSERT INTO `jobinfo` VALUES ('4359', '1017', '2012-02-10 14:28:14', '2012-02-10 14:28:50', '撤离', '86');
INSERT INTO `jobinfo` VALUES ('4360', '1018', '2012-02-10 14:28:14', '2012-02-10 14:28:48', '撤离', '86');
INSERT INTO `jobinfo` VALUES ('4361', '1019', '2012-02-10 14:28:16', '2012-02-10 14:28:48', '撤离', '86');
INSERT INTO `jobinfo` VALUES ('4362', '1020', '2012-02-10 14:28:42', '2012-02-10 14:30:42', '恢复工作', '85');
INSERT INTO `jobinfo` VALUES ('4363', '1019', '2012-02-10 14:28:48', '2012-02-10 14:30:42', '恢复工作', '85');
INSERT INTO `jobinfo` VALUES ('4364', '1018', '2012-02-10 14:28:48', '2012-02-10 14:30:40', '恢复工作', '85');
INSERT INTO `jobinfo` VALUES ('4365', '1017', '2012-02-10 14:28:50', '2012-02-10 14:30:40', '恢复工作', '85');
INSERT INTO `jobinfo` VALUES ('4366', '1016', '2012-02-10 14:28:50', '2012-02-10 14:30:38', '恢复工作', '85');
INSERT INTO `jobinfo` VALUES ('4367', '1015', '2012-02-10 14:28:52', '2012-02-10 14:30:38', '恢复工作', '85');
INSERT INTO `jobinfo` VALUES ('4368', '1014', '2012-02-10 14:28:52', '2012-02-10 14:30:36', '恢复工作', '85');
INSERT INTO `jobinfo` VALUES ('4369', '1013', '2012-02-10 14:28:54', '2012-02-10 14:30:36', '恢复工作', '85');
INSERT INTO `jobinfo` VALUES ('4370', '1012', '2012-02-10 14:28:54', '2012-02-10 14:30:34', '恢复工作', '85');
INSERT INTO `jobinfo` VALUES ('4371', '1011', '2012-02-10 14:28:56', '2012-02-10 14:30:34', '恢复工作', '85');
INSERT INTO `jobinfo` VALUES ('4372', '1010', '2012-02-10 14:28:56', '2012-02-10 14:30:32', '恢复工作', '85');
INSERT INTO `jobinfo` VALUES ('4373', '1009', '2012-02-10 14:28:58', '2012-02-10 14:30:32', '恢复工作', '85');
INSERT INTO `jobinfo` VALUES ('4374', '1008', '2012-02-10 14:28:58', '2012-02-10 14:30:30', '恢复工作', '85');
INSERT INTO `jobinfo` VALUES ('4375', '1007', '2012-02-10 14:29:00', '2012-02-10 14:30:30', '恢复工作', '85');
INSERT INTO `jobinfo` VALUES ('4376', '1006', '2012-02-10 14:29:00', '2012-02-10 14:30:28', '恢复工作', '85');
INSERT INTO `jobinfo` VALUES ('4377', '1005', '2012-02-10 14:29:02', '2012-02-10 14:30:28', '恢复工作', '85');
INSERT INTO `jobinfo` VALUES ('4378', '1004', '2012-02-10 14:29:02', '2012-02-10 14:30:26', '恢复工作', '85');
INSERT INTO `jobinfo` VALUES ('4379', '1003', '2012-02-10 14:29:06', '2012-02-10 14:30:26', '恢复工作', '85');
INSERT INTO `jobinfo` VALUES ('4380', '1002', '2012-02-10 14:29:06', '2012-02-10 14:30:24', '恢复工作', '85');
INSERT INTO `jobinfo` VALUES ('4381', '1001', '2012-02-10 14:29:08', '2012-02-10 14:30:24', '恢复工作', '85');
INSERT INTO `jobinfo` VALUES ('4382', '1001', '2012-02-10 14:30:24', '2012-02-10 14:31:28', '撤离', '86');
INSERT INTO `jobinfo` VALUES ('4383', '1002', '2012-02-10 14:30:24', '2012-02-10 14:31:26', '撤离', '86');
INSERT INTO `jobinfo` VALUES ('4384', '1003', '2012-02-10 14:30:26', '2012-02-10 14:31:26', '撤离', '86');
INSERT INTO `jobinfo` VALUES ('4385', '1004', '2012-02-10 14:30:26', '2012-02-10 14:31:24', '撤离', '86');
INSERT INTO `jobinfo` VALUES ('4386', '1005', '2012-02-10 14:30:28', '2012-02-10 14:31:24', '撤离', '86');
INSERT INTO `jobinfo` VALUES ('4387', '1006', '2012-02-10 14:30:28', '2012-02-10 14:31:22', '撤离', '86');
INSERT INTO `jobinfo` VALUES ('4388', '1007', '2012-02-10 14:30:30', '2012-02-10 14:31:22', '撤离', '86');
INSERT INTO `jobinfo` VALUES ('4389', '1008', '2012-02-10 14:30:30', '2012-02-10 14:31:20', '撤离', '86');
INSERT INTO `jobinfo` VALUES ('4390', '1009', '2012-02-10 14:30:32', '2012-02-10 14:31:20', '撤离', '86');
INSERT INTO `jobinfo` VALUES ('4391', '1010', '2012-02-10 14:30:32', '2012-02-10 14:31:18', '撤离', '86');
INSERT INTO `jobinfo` VALUES ('4392', '1011', '2012-02-10 14:30:34', '2012-02-10 14:31:18', '撤离', '86');
INSERT INTO `jobinfo` VALUES ('4393', '1012', '2012-02-10 14:30:34', '2012-02-10 14:31:16', '撤离', '86');
INSERT INTO `jobinfo` VALUES ('4394', '1013', '2012-02-10 14:30:36', '2012-02-10 14:31:16', '撤离', '86');
INSERT INTO `jobinfo` VALUES ('4395', '1014', '2012-02-10 14:30:36', '2012-02-10 14:31:14', '撤离', '86');
INSERT INTO `jobinfo` VALUES ('4396', '1015', '2012-02-10 14:30:38', '2012-02-10 14:31:14', '撤离', '86');
INSERT INTO `jobinfo` VALUES ('4397', '1016', '2012-02-10 14:30:38', '2012-02-10 14:31:12', '撤离', '86');
INSERT INTO `jobinfo` VALUES ('4398', '1017', '2012-02-10 14:30:40', '2012-02-10 14:31:12', '撤离', '86');
INSERT INTO `jobinfo` VALUES ('4399', '1018', '2012-02-10 14:30:40', '2012-02-10 14:31:10', '撤离', '86');
INSERT INTO `jobinfo` VALUES ('4400', '1019', '2012-02-10 14:30:42', '2012-02-10 14:31:10', '撤离', '86');
INSERT INTO `jobinfo` VALUES ('4401', '1020', '2012-02-10 14:30:42', '2012-02-10 14:31:08', '撤离', '86');
INSERT INTO `jobinfo` VALUES ('4402', '1020', '2012-02-10 14:31:08', '2012-02-10 15:21:09', '恢复工作', '85');
INSERT INTO `jobinfo` VALUES ('4403', '1019', '2012-02-10 14:31:10', '2012-02-10 15:21:09', '恢复工作', '85');
INSERT INTO `jobinfo` VALUES ('4404', '1018', '2012-02-10 14:31:10', '2012-02-10 15:21:07', '恢复工作', '85');
INSERT INTO `jobinfo` VALUES ('4405', '1017', '2012-02-10 14:31:12', '2012-02-10 15:21:07', '恢复工作', '85');
INSERT INTO `jobinfo` VALUES ('4406', '1016', '2012-02-10 14:31:12', '2012-02-10 15:21:05', '恢复工作', '85');
INSERT INTO `jobinfo` VALUES ('4407', '1015', '2012-02-10 14:31:14', '2012-02-10 15:21:05', '恢复工作', '85');
INSERT INTO `jobinfo` VALUES ('4408', '1014', '2012-02-10 14:31:14', '2012-02-10 15:21:03', '恢复工作', '85');
INSERT INTO `jobinfo` VALUES ('4409', '1013', '2012-02-10 14:31:16', '2012-02-10 15:21:03', '恢复工作', '85');
INSERT INTO `jobinfo` VALUES ('4410', '1012', '2012-02-10 14:31:16', '2012-02-10 15:21:01', '恢复工作', '85');
INSERT INTO `jobinfo` VALUES ('4411', '1011', '2012-02-10 14:31:18', '2012-02-10 15:21:01', '恢复工作', '85');
INSERT INTO `jobinfo` VALUES ('4412', '1010', '2012-02-10 14:31:18', '2012-02-10 15:20:59', '恢复工作', '85');
INSERT INTO `jobinfo` VALUES ('4413', '1009', '2012-02-10 14:31:20', '2012-02-10 15:20:59', '恢复工作', '85');
INSERT INTO `jobinfo` VALUES ('4414', '1008', '2012-02-10 14:31:20', '2012-02-10 15:20:57', '恢复工作', '85');
INSERT INTO `jobinfo` VALUES ('4415', '1007', '2012-02-10 14:31:22', '2012-02-10 15:20:57', '恢复工作', '85');
INSERT INTO `jobinfo` VALUES ('4416', '1006', '2012-02-10 14:31:22', '2012-02-10 15:20:55', '恢复工作', '85');
INSERT INTO `jobinfo` VALUES ('4417', '1005', '2012-02-10 14:31:24', '2012-02-10 15:20:55', '恢复工作', '85');
INSERT INTO `jobinfo` VALUES ('4418', '1004', '2012-02-10 14:31:24', '2012-02-10 15:20:53', '恢复工作', '85');
INSERT INTO `jobinfo` VALUES ('4419', '1003', '2012-02-10 14:31:26', '2012-02-10 15:20:53', '恢复工作', '85');
INSERT INTO `jobinfo` VALUES ('4420', '1002', '2012-02-10 14:31:26', '2012-02-10 15:20:51', '恢复工作', '85');
INSERT INTO `jobinfo` VALUES ('4421', '1001', '2012-02-10 14:31:28', '2012-02-10 15:20:51', '恢复工作', '85');
INSERT INTO `jobinfo` VALUES ('4422', '1001', '2012-02-10 15:20:51', '2012-02-10 15:21:55', '撤离', '86');
INSERT INTO `jobinfo` VALUES ('4423', '1002', '2012-02-10 15:20:51', '2012-02-10 15:21:53', '撤离', '86');
INSERT INTO `jobinfo` VALUES ('4424', '1003', '2012-02-10 15:20:53', '2012-02-10 15:21:53', '撤离', '86');
INSERT INTO `jobinfo` VALUES ('4425', '1004', '2012-02-10 15:20:53', '2012-02-10 15:21:51', '撤离', '86');
INSERT INTO `jobinfo` VALUES ('4426', '1005', '2012-02-10 15:20:55', '2012-02-10 15:21:51', '撤离', '86');
INSERT INTO `jobinfo` VALUES ('4427', '1006', '2012-02-10 15:20:55', '2012-02-10 15:21:49', '撤离', '86');
INSERT INTO `jobinfo` VALUES ('4428', '1007', '2012-02-10 15:20:57', '2012-02-10 15:21:49', '撤离', '86');
INSERT INTO `jobinfo` VALUES ('4429', '1008', '2012-02-10 15:20:57', '2012-02-10 15:21:47', '撤离', '86');
INSERT INTO `jobinfo` VALUES ('4430', '1009', '2012-02-10 15:20:59', '2012-02-10 15:21:47', '撤离', '86');
INSERT INTO `jobinfo` VALUES ('4431', '1010', '2012-02-10 15:20:59', '2012-02-10 15:21:45', '撤离', '86');
INSERT INTO `jobinfo` VALUES ('4432', '1011', '2012-02-10 15:21:01', '2012-02-10 15:21:45', '撤离', '86');
INSERT INTO `jobinfo` VALUES ('4433', '1012', '2012-02-10 15:21:01', '2012-02-10 15:21:43', '撤离', '86');
INSERT INTO `jobinfo` VALUES ('4434', '1013', '2012-02-10 15:21:03', '2012-02-10 15:21:43', '撤离', '86');
INSERT INTO `jobinfo` VALUES ('4435', '1014', '2012-02-10 15:21:03', '2012-02-10 15:21:41', '撤离', '86');
INSERT INTO `jobinfo` VALUES ('4436', '1015', '2012-02-10 15:21:05', '2012-02-10 15:21:41', '撤离', '86');
INSERT INTO `jobinfo` VALUES ('4437', '1016', '2012-02-10 15:21:05', '2012-02-10 15:21:39', '撤离', '86');
INSERT INTO `jobinfo` VALUES ('4438', '1017', '2012-02-10 15:21:07', '2012-02-10 15:21:39', '撤离', '86');
INSERT INTO `jobinfo` VALUES ('4439', '1018', '2012-02-10 15:21:07', '2012-02-10 15:21:37', '撤离', '86');
INSERT INTO `jobinfo` VALUES ('4440', '1019', '2012-02-10 15:21:09', '2012-02-10 15:21:37', '撤离', '86');
INSERT INTO `jobinfo` VALUES ('4441', '1020', '2012-02-10 15:21:09', '2012-02-10 15:21:35', '撤离', '86');
INSERT INTO `jobinfo` VALUES ('4442', '1020', '2012-02-10 15:21:35', '2012-02-13 08:11:10', '恢复工作', '85');
INSERT INTO `jobinfo` VALUES ('4443', '1019', '2012-02-10 15:21:37', '2012-02-13 08:11:10', '恢复工作', '85');
INSERT INTO `jobinfo` VALUES ('4444', '1018', '2012-02-10 15:21:37', '2012-02-13 08:11:08', '恢复工作', '85');
INSERT INTO `jobinfo` VALUES ('4445', '1017', '2012-02-10 15:21:39', '2012-02-13 08:11:08', '恢复工作', '85');
INSERT INTO `jobinfo` VALUES ('4446', '1016', '2012-02-10 15:21:39', '2012-02-13 08:11:06', '恢复工作', '85');
INSERT INTO `jobinfo` VALUES ('4447', '1015', '2012-02-10 15:21:41', '2012-02-13 08:11:06', '恢复工作', '85');
INSERT INTO `jobinfo` VALUES ('4448', '1014', '2012-02-10 15:21:41', '2012-02-13 08:11:04', '恢复工作', '85');
INSERT INTO `jobinfo` VALUES ('4449', '1013', '2012-02-10 15:21:43', '2012-02-13 08:11:04', '恢复工作', '85');
INSERT INTO `jobinfo` VALUES ('4450', '1012', '2012-02-10 15:21:43', '2012-02-13 08:11:02', '恢复工作', '85');
INSERT INTO `jobinfo` VALUES ('4451', '1011', '2012-02-10 15:21:45', '2012-02-13 08:11:02', '恢复工作', '85');
INSERT INTO `jobinfo` VALUES ('4452', '1010', '2012-02-10 15:21:45', '2012-02-13 08:11:00', '恢复工作', '85');
INSERT INTO `jobinfo` VALUES ('4453', '1009', '2012-02-10 15:21:47', '2012-02-13 08:11:00', '恢复工作', '85');
INSERT INTO `jobinfo` VALUES ('4454', '1008', '2012-02-10 15:21:47', '2012-02-13 08:10:58', '恢复工作', '85');
INSERT INTO `jobinfo` VALUES ('4455', '1007', '2012-02-10 15:21:49', '2012-02-13 08:10:58', '恢复工作', '85');
INSERT INTO `jobinfo` VALUES ('4456', '1006', '2012-02-10 15:21:49', '2012-02-13 08:10:56', '恢复工作', '85');
INSERT INTO `jobinfo` VALUES ('4457', '1005', '2012-02-10 15:21:51', '2012-02-13 08:10:56', '恢复工作', '85');
INSERT INTO `jobinfo` VALUES ('4458', '1004', '2012-02-10 15:21:51', '2012-02-13 08:10:54', '恢复工作', '85');
INSERT INTO `jobinfo` VALUES ('4459', '1003', '2012-02-10 15:21:53', '2012-02-13 08:10:54', '恢复工作', '85');
INSERT INTO `jobinfo` VALUES ('4460', '1002', '2012-02-10 15:21:53', '2012-02-13 08:10:52', '恢复工作', '85');
INSERT INTO `jobinfo` VALUES ('4461', '1001', '2012-02-10 15:21:55', '2012-02-13 08:10:52', '恢复工作', '85');
INSERT INTO `jobinfo` VALUES ('4462', '1001', '2012-02-13 08:10:52', '2012-02-13 08:11:56', '撤离', '86');
INSERT INTO `jobinfo` VALUES ('4463', '1002', '2012-02-13 08:10:52', '2012-02-13 08:11:54', '撤离', '86');
INSERT INTO `jobinfo` VALUES ('4464', '1003', '2012-02-13 08:10:54', '2012-02-13 08:11:54', '撤离', '86');
INSERT INTO `jobinfo` VALUES ('4465', '1004', '2012-02-13 08:10:54', '2012-02-13 08:11:52', '撤离', '86');
INSERT INTO `jobinfo` VALUES ('4466', '1005', '2012-02-13 08:10:56', '2012-02-13 08:11:52', '撤离', '86');
INSERT INTO `jobinfo` VALUES ('4467', '1006', '2012-02-13 08:10:56', '2012-02-13 08:11:50', '撤离', '86');
INSERT INTO `jobinfo` VALUES ('4468', '1007', '2012-02-13 08:10:58', '2012-02-13 08:11:50', '撤离', '86');
INSERT INTO `jobinfo` VALUES ('4469', '1008', '2012-02-13 08:10:58', '2012-02-13 08:11:48', '撤离', '86');
INSERT INTO `jobinfo` VALUES ('4470', '1009', '2012-02-13 08:11:00', '2012-02-13 08:11:48', '撤离', '86');
INSERT INTO `jobinfo` VALUES ('4471', '1010', '2012-02-13 08:11:00', '2012-02-13 08:11:46', '撤离', '86');
INSERT INTO `jobinfo` VALUES ('4472', '1011', '2012-02-13 08:11:02', '2012-02-13 08:11:46', '撤离', '86');
INSERT INTO `jobinfo` VALUES ('4473', '1012', '2012-02-13 08:11:02', '2012-02-13 08:11:44', '撤离', '86');
INSERT INTO `jobinfo` VALUES ('4474', '1013', '2012-02-13 08:11:04', '2012-02-13 08:11:44', '撤离', '86');
INSERT INTO `jobinfo` VALUES ('4475', '1014', '2012-02-13 08:11:04', '2012-02-13 08:11:42', '撤离', '86');
INSERT INTO `jobinfo` VALUES ('4476', '1015', '2012-02-13 08:11:06', '2012-02-13 08:11:42', '撤离', '86');
INSERT INTO `jobinfo` VALUES ('4477', '1016', '2012-02-13 08:11:06', '2012-02-13 08:11:40', '撤离', '86');
INSERT INTO `jobinfo` VALUES ('4478', '1017', '2012-02-13 08:11:08', '2012-02-13 08:11:40', '撤离', '86');
INSERT INTO `jobinfo` VALUES ('4479', '1018', '2012-02-13 08:11:08', '2012-02-13 08:11:38', '撤离', '86');
INSERT INTO `jobinfo` VALUES ('4480', '1019', '2012-02-13 08:11:10', '2012-02-13 08:11:38', '撤离', '86');
INSERT INTO `jobinfo` VALUES ('4481', '1020', '2012-02-13 08:11:10', '2012-02-13 08:11:36', '撤离', '86');
INSERT INTO `jobinfo` VALUES ('4482', '1020', '2012-02-13 08:11:36', '2012-02-13 08:39:01', '恢复工作', '85');
INSERT INTO `jobinfo` VALUES ('4483', '1019', '2012-02-13 08:11:38', '2012-02-13 08:39:01', '恢复工作', '85');
INSERT INTO `jobinfo` VALUES ('4484', '1018', '2012-02-13 08:11:38', '2012-02-13 08:38:59', '恢复工作', '85');
INSERT INTO `jobinfo` VALUES ('4485', '1017', '2012-02-13 08:11:40', '2012-02-13 08:38:59', '恢复工作', '85');
INSERT INTO `jobinfo` VALUES ('4486', '1016', '2012-02-13 08:11:40', '2012-02-13 08:38:57', '恢复工作', '85');
INSERT INTO `jobinfo` VALUES ('4487', '1015', '2012-02-13 08:11:42', '2012-02-13 08:38:57', '恢复工作', '85');
INSERT INTO `jobinfo` VALUES ('4488', '1014', '2012-02-13 08:11:42', '2012-02-13 08:38:55', '恢复工作', '85');
INSERT INTO `jobinfo` VALUES ('4489', '1013', '2012-02-13 08:11:44', '2012-02-13 08:38:55', '恢复工作', '85');
INSERT INTO `jobinfo` VALUES ('4490', '1012', '2012-02-13 08:11:44', '2012-02-13 08:38:53', '恢复工作', '85');
INSERT INTO `jobinfo` VALUES ('4491', '1011', '2012-02-13 08:11:46', '2012-02-13 08:38:53', '恢复工作', '85');
INSERT INTO `jobinfo` VALUES ('4492', '1010', '2012-02-13 08:11:46', '2012-02-13 08:38:51', '恢复工作', '85');
INSERT INTO `jobinfo` VALUES ('4493', '1009', '2012-02-13 08:11:48', '2012-02-13 08:38:51', '恢复工作', '85');
INSERT INTO `jobinfo` VALUES ('4494', '1008', '2012-02-13 08:11:48', '2012-02-13 08:38:49', '恢复工作', '85');
INSERT INTO `jobinfo` VALUES ('4495', '1007', '2012-02-13 08:11:50', '2012-02-13 08:38:49', '恢复工作', '85');
INSERT INTO `jobinfo` VALUES ('4496', '1006', '2012-02-13 08:11:50', '2012-02-13 08:38:47', '恢复工作', '85');
INSERT INTO `jobinfo` VALUES ('4497', '1005', '2012-02-13 08:11:52', '2012-02-13 08:38:47', '恢复工作', '85');
INSERT INTO `jobinfo` VALUES ('4498', '1004', '2012-02-13 08:11:52', '2012-02-13 08:38:45', '恢复工作', '85');
INSERT INTO `jobinfo` VALUES ('4499', '1003', '2012-02-13 08:11:54', '2012-02-13 08:38:45', '恢复工作', '85');
INSERT INTO `jobinfo` VALUES ('4500', '1002', '2012-02-13 08:11:54', '2012-02-13 08:38:43', '恢复工作', '85');
INSERT INTO `jobinfo` VALUES ('4501', '1001', '2012-02-13 08:11:56', '2012-02-13 08:38:43', '恢复工作', '85');
INSERT INTO `jobinfo` VALUES ('4502', '1001', '2012-02-13 08:38:43', '2012-02-13 08:39:47', '撤离', '86');
INSERT INTO `jobinfo` VALUES ('4503', '1002', '2012-02-13 08:38:43', '2012-02-13 08:39:45', '撤离', '86');
INSERT INTO `jobinfo` VALUES ('4504', '1003', '2012-02-13 08:38:45', '2012-02-13 08:39:45', '撤离', '86');
INSERT INTO `jobinfo` VALUES ('4505', '1004', '2012-02-13 08:38:45', '2012-02-13 08:39:43', '撤离', '86');
INSERT INTO `jobinfo` VALUES ('4506', '1005', '2012-02-13 08:38:47', '2012-02-13 08:39:43', '撤离', '86');
INSERT INTO `jobinfo` VALUES ('4507', '1006', '2012-02-13 08:38:47', '2012-02-13 08:39:41', '撤离', '86');
INSERT INTO `jobinfo` VALUES ('4508', '1007', '2012-02-13 08:38:49', '2012-02-13 08:39:41', '撤离', '86');
INSERT INTO `jobinfo` VALUES ('4509', '1008', '2012-02-13 08:38:49', '2012-02-13 08:39:39', '撤离', '86');
INSERT INTO `jobinfo` VALUES ('4510', '1009', '2012-02-13 08:38:51', '2012-02-13 08:39:39', '撤离', '86');
INSERT INTO `jobinfo` VALUES ('4511', '1010', '2012-02-13 08:38:51', '2012-02-13 08:39:37', '撤离', '86');
INSERT INTO `jobinfo` VALUES ('4512', '1011', '2012-02-13 08:38:53', '2012-02-13 08:39:37', '撤离', '86');
INSERT INTO `jobinfo` VALUES ('4513', '1012', '2012-02-13 08:38:53', '2012-02-13 08:39:35', '撤离', '86');
INSERT INTO `jobinfo` VALUES ('4514', '1013', '2012-02-13 08:38:55', '2012-02-13 08:39:35', '撤离', '86');
INSERT INTO `jobinfo` VALUES ('4515', '1014', '2012-02-13 08:38:55', '2012-02-13 08:39:33', '撤离', '86');
INSERT INTO `jobinfo` VALUES ('4516', '1015', '2012-02-13 08:38:57', '2012-02-13 08:39:33', '撤离', '86');
INSERT INTO `jobinfo` VALUES ('4517', '1016', '2012-02-13 08:38:57', '2012-02-13 08:39:31', '撤离', '86');
INSERT INTO `jobinfo` VALUES ('4518', '1017', '2012-02-13 08:38:59', '2012-02-13 08:39:31', '撤离', '86');
INSERT INTO `jobinfo` VALUES ('4519', '1018', '2012-02-13 08:38:59', '2012-02-13 08:39:29', '撤离', '86');
INSERT INTO `jobinfo` VALUES ('4520', '1019', '2012-02-13 08:39:01', '2012-02-13 08:39:29', '撤离', '86');
INSERT INTO `jobinfo` VALUES ('4521', '1020', '2012-02-13 08:39:01', '2012-02-13 08:39:27', '撤离', '86');
INSERT INTO `jobinfo` VALUES ('4522', '1020', '2012-02-13 08:39:27', '2012-02-13 10:21:18', '恢复工作', '85');
INSERT INTO `jobinfo` VALUES ('4523', '1019', '2012-02-13 08:39:29', '2012-02-13 10:21:18', '恢复工作', '85');
INSERT INTO `jobinfo` VALUES ('4524', '1018', '2012-02-13 08:39:29', '2012-02-13 10:21:16', '恢复工作', '85');
INSERT INTO `jobinfo` VALUES ('4525', '1017', '2012-02-13 08:39:31', '2012-02-13 10:21:16', '恢复工作', '85');
INSERT INTO `jobinfo` VALUES ('4526', '1016', '2012-02-13 08:39:31', '2012-02-13 10:21:14', '恢复工作', '85');
INSERT INTO `jobinfo` VALUES ('4527', '1015', '2012-02-13 08:39:33', '2012-02-13 10:21:14', '恢复工作', '85');
INSERT INTO `jobinfo` VALUES ('4528', '1014', '2012-02-13 08:39:33', '2012-02-13 10:21:12', '恢复工作', '85');
INSERT INTO `jobinfo` VALUES ('4529', '1013', '2012-02-13 08:39:35', '2012-02-13 10:21:12', '恢复工作', '85');
INSERT INTO `jobinfo` VALUES ('4530', '1012', '2012-02-13 08:39:35', '2012-02-13 10:21:10', '恢复工作', '85');
INSERT INTO `jobinfo` VALUES ('4531', '1011', '2012-02-13 08:39:37', '2012-02-13 10:21:10', '恢复工作', '85');
INSERT INTO `jobinfo` VALUES ('4532', '1010', '2012-02-13 08:39:37', '2012-02-13 10:21:08', '恢复工作', '85');
INSERT INTO `jobinfo` VALUES ('4533', '1009', '2012-02-13 08:39:39', '2012-02-13 10:21:08', '恢复工作', '85');
INSERT INTO `jobinfo` VALUES ('4534', '1008', '2012-02-13 08:39:39', '2012-02-13 10:21:06', '恢复工作', '85');
INSERT INTO `jobinfo` VALUES ('4535', '1007', '2012-02-13 08:39:41', '2012-02-13 10:21:06', '恢复工作', '85');
INSERT INTO `jobinfo` VALUES ('4536', '1006', '2012-02-13 08:39:41', '2012-02-13 10:21:04', '恢复工作', '85');
INSERT INTO `jobinfo` VALUES ('4537', '1005', '2012-02-13 08:39:43', '2012-02-13 10:21:04', '恢复工作', '85');
INSERT INTO `jobinfo` VALUES ('4538', '1004', '2012-02-13 08:39:43', '2012-02-13 10:21:02', '恢复工作', '85');
INSERT INTO `jobinfo` VALUES ('4539', '1003', '2012-02-13 08:39:45', '2012-02-13 10:21:02', '恢复工作', '85');
INSERT INTO `jobinfo` VALUES ('4540', '1002', '2012-02-13 08:39:45', '2012-02-13 10:21:00', '恢复工作', '85');
INSERT INTO `jobinfo` VALUES ('4541', '1001', '2012-02-13 08:39:47', '2012-02-13 10:21:00', '恢复工作', '85');
INSERT INTO `jobinfo` VALUES ('4542', '1001', '2012-02-13 10:21:00', '2012-02-13 10:22:04', '撤离', '86');
INSERT INTO `jobinfo` VALUES ('4543', '1002', '2012-02-13 10:21:00', '2012-02-13 10:22:02', '撤离', '86');
INSERT INTO `jobinfo` VALUES ('4544', '1003', '2012-02-13 10:21:02', '2012-02-13 10:22:02', '撤离', '86');
INSERT INTO `jobinfo` VALUES ('4545', '1004', '2012-02-13 10:21:02', '2012-02-13 10:22:00', '撤离', '86');
INSERT INTO `jobinfo` VALUES ('4546', '1005', '2012-02-13 10:21:04', '2012-02-13 10:22:00', '撤离', '86');
INSERT INTO `jobinfo` VALUES ('4547', '1006', '2012-02-13 10:21:04', '2012-02-13 10:21:58', '撤离', '86');
INSERT INTO `jobinfo` VALUES ('4548', '1007', '2012-02-13 10:21:06', '2012-02-13 10:21:58', '撤离', '86');
INSERT INTO `jobinfo` VALUES ('4549', '1008', '2012-02-13 10:21:06', '2012-02-13 10:21:56', '撤离', '86');
INSERT INTO `jobinfo` VALUES ('4550', '1009', '2012-02-13 10:21:08', '2012-02-13 10:21:56', '撤离', '86');
INSERT INTO `jobinfo` VALUES ('4551', '1010', '2012-02-13 10:21:08', '2012-02-13 10:21:54', '撤离', '86');
INSERT INTO `jobinfo` VALUES ('4552', '1011', '2012-02-13 10:21:10', '2012-02-13 10:21:54', '撤离', '86');
INSERT INTO `jobinfo` VALUES ('4553', '1012', '2012-02-13 10:21:10', '2012-02-13 10:21:52', '撤离', '86');
INSERT INTO `jobinfo` VALUES ('4554', '1013', '2012-02-13 10:21:12', '2012-02-13 10:21:52', '撤离', '86');
INSERT INTO `jobinfo` VALUES ('4555', '1014', '2012-02-13 10:21:12', '2012-02-13 10:21:50', '撤离', '86');
INSERT INTO `jobinfo` VALUES ('4556', '1015', '2012-02-13 10:21:14', '2012-02-13 10:21:50', '撤离', '86');
INSERT INTO `jobinfo` VALUES ('4557', '1016', '2012-02-13 10:21:14', '2012-02-13 10:21:48', '撤离', '86');
INSERT INTO `jobinfo` VALUES ('4558', '1017', '2012-02-13 10:21:16', '2012-02-13 10:21:48', '撤离', '86');
INSERT INTO `jobinfo` VALUES ('4559', '1018', '2012-02-13 10:21:16', '2012-02-13 10:21:46', '撤离', '86');
INSERT INTO `jobinfo` VALUES ('4560', '1019', '2012-02-13 10:21:18', '2012-02-13 10:21:46', '撤离', '86');
INSERT INTO `jobinfo` VALUES ('4561', '1020', '2012-02-13 10:21:18', '2012-02-13 10:21:44', '撤离', '86');
INSERT INTO `jobinfo` VALUES ('4562', '1020', '2012-02-13 10:21:44', '2012-02-13 14:57:54', '恢复工作', '85');
INSERT INTO `jobinfo` VALUES ('4563', '1019', '2012-02-13 10:21:46', '2012-02-13 14:57:54', '恢复工作', '85');
INSERT INTO `jobinfo` VALUES ('4564', '1018', '2012-02-13 10:21:46', '2012-02-13 14:57:52', '恢复工作', '85');
INSERT INTO `jobinfo` VALUES ('4565', '1017', '2012-02-13 10:21:48', '2012-02-13 14:57:52', '恢复工作', '85');
INSERT INTO `jobinfo` VALUES ('4566', '1016', '2012-02-13 10:21:48', '2012-02-13 14:57:50', '恢复工作', '85');
INSERT INTO `jobinfo` VALUES ('4567', '1015', '2012-02-13 10:21:50', '2012-02-13 14:57:50', '恢复工作', '85');
INSERT INTO `jobinfo` VALUES ('4568', '1014', '2012-02-13 10:21:50', '2012-02-13 14:57:48', '恢复工作', '85');
INSERT INTO `jobinfo` VALUES ('4569', '1013', '2012-02-13 10:21:52', '2012-02-13 14:57:48', '恢复工作', '85');
INSERT INTO `jobinfo` VALUES ('4570', '1012', '2012-02-13 10:21:52', '2012-02-13 14:57:46', '恢复工作', '85');
INSERT INTO `jobinfo` VALUES ('4571', '1011', '2012-02-13 10:21:54', '2012-02-13 14:57:46', '恢复工作', '85');
INSERT INTO `jobinfo` VALUES ('4572', '1010', '2012-02-13 10:21:54', '2012-02-13 14:57:44', '恢复工作', '85');
INSERT INTO `jobinfo` VALUES ('4573', '1009', '2012-02-13 10:21:56', '2012-02-13 14:57:44', '恢复工作', '85');
INSERT INTO `jobinfo` VALUES ('4574', '1008', '2012-02-13 10:21:56', '2012-02-13 14:57:42', '恢复工作', '85');
INSERT INTO `jobinfo` VALUES ('4575', '1007', '2012-02-13 10:21:58', '2012-02-13 14:57:42', '恢复工作', '85');
INSERT INTO `jobinfo` VALUES ('4576', '1006', '2012-02-13 10:21:58', '2012-02-13 14:57:40', '恢复工作', '85');
INSERT INTO `jobinfo` VALUES ('4577', '1005', '2012-02-13 10:22:00', '2012-02-13 14:57:40', '恢复工作', '85');
INSERT INTO `jobinfo` VALUES ('4578', '1004', '2012-02-13 10:22:00', '2012-02-13 14:57:38', '恢复工作', '85');
INSERT INTO `jobinfo` VALUES ('4579', '1003', '2012-02-13 10:22:02', '2012-02-13 14:57:38', '恢复工作', '85');
INSERT INTO `jobinfo` VALUES ('4580', '1002', '2012-02-13 10:22:02', '2012-02-13 14:57:36', '恢复工作', '85');
INSERT INTO `jobinfo` VALUES ('4581', '1001', '2012-02-13 10:22:04', '2012-02-13 14:57:36', '恢复工作', '85');
INSERT INTO `jobinfo` VALUES ('4582', '1001', '2012-02-13 14:57:36', '2012-02-13 14:58:40', '撤离', '86');
INSERT INTO `jobinfo` VALUES ('4583', '1002', '2012-02-13 14:57:36', '2012-02-13 14:58:38', '撤离', '86');
INSERT INTO `jobinfo` VALUES ('4584', '1003', '2012-02-13 14:57:38', '2012-02-13 14:58:38', '撤离', '86');
INSERT INTO `jobinfo` VALUES ('4585', '1004', '2012-02-13 14:57:38', '2012-02-13 14:58:36', '撤离', '86');
INSERT INTO `jobinfo` VALUES ('4586', '1005', '2012-02-13 14:57:40', '2012-02-13 14:58:36', '撤离', '86');
INSERT INTO `jobinfo` VALUES ('4587', '1006', '2012-02-13 14:57:40', '2012-02-13 14:58:34', '撤离', '86');
INSERT INTO `jobinfo` VALUES ('4588', '1007', '2012-02-13 14:57:42', '2012-02-13 14:58:34', '撤离', '86');
INSERT INTO `jobinfo` VALUES ('4589', '1008', '2012-02-13 14:57:42', '2012-02-13 14:58:32', '撤离', '86');
INSERT INTO `jobinfo` VALUES ('4590', '1009', '2012-02-13 14:57:44', '2012-02-13 14:58:32', '撤离', '86');
INSERT INTO `jobinfo` VALUES ('4591', '1010', '2012-02-13 14:57:44', '2012-02-13 14:58:30', '撤离', '86');
INSERT INTO `jobinfo` VALUES ('4592', '1011', '2012-02-13 14:57:46', '2012-02-13 14:58:30', '撤离', '86');
INSERT INTO `jobinfo` VALUES ('4593', '1012', '2012-02-13 14:57:46', '2012-02-13 14:58:28', '撤离', '86');
INSERT INTO `jobinfo` VALUES ('4594', '1013', '2012-02-13 14:57:48', '2012-02-13 14:58:28', '撤离', '86');
INSERT INTO `jobinfo` VALUES ('4595', '1014', '2012-02-13 14:57:48', '2012-02-13 14:58:26', '撤离', '86');
INSERT INTO `jobinfo` VALUES ('4596', '1015', '2012-02-13 14:57:50', '2012-02-13 14:58:26', '撤离', '86');
INSERT INTO `jobinfo` VALUES ('4597', '1016', '2012-02-13 14:57:50', '2012-02-13 14:58:24', '撤离', '86');
INSERT INTO `jobinfo` VALUES ('4598', '1017', '2012-02-13 14:57:52', '2012-02-13 14:58:24', '撤离', '86');
INSERT INTO `jobinfo` VALUES ('4599', '1018', '2012-02-13 14:57:52', '2012-02-13 14:58:22', '撤离', '86');
INSERT INTO `jobinfo` VALUES ('4600', '1019', '2012-02-13 14:57:54', '2012-02-13 14:58:22', '撤离', '86');
INSERT INTO `jobinfo` VALUES ('4601', '1020', '2012-02-13 14:57:54', '2012-02-13 14:58:20', '撤离', '86');
INSERT INTO `jobinfo` VALUES ('4602', '1020', '2012-02-13 14:58:20', '2012-02-13 16:20:28', '恢复工作', '85');
INSERT INTO `jobinfo` VALUES ('4603', '1019', '2012-02-13 14:58:22', '2012-02-13 16:20:28', '恢复工作', '85');
INSERT INTO `jobinfo` VALUES ('4604', '1018', '2012-02-13 14:58:22', '2012-02-13 16:20:26', '恢复工作', '85');
INSERT INTO `jobinfo` VALUES ('4605', '1017', '2012-02-13 14:58:24', '2012-02-13 16:20:26', '恢复工作', '85');
INSERT INTO `jobinfo` VALUES ('4606', '1016', '2012-02-13 14:58:24', '2012-02-13 16:20:24', '恢复工作', '85');
INSERT INTO `jobinfo` VALUES ('4607', '1015', '2012-02-13 14:58:26', '2012-02-13 16:20:24', '恢复工作', '85');
INSERT INTO `jobinfo` VALUES ('4608', '1014', '2012-02-13 14:58:26', '2012-02-13 16:20:22', '恢复工作', '85');
INSERT INTO `jobinfo` VALUES ('4609', '1013', '2012-02-13 14:58:28', '2012-02-13 16:20:22', '恢复工作', '85');
INSERT INTO `jobinfo` VALUES ('4610', '1012', '2012-02-13 14:58:28', '2012-02-13 16:20:20', '恢复工作', '85');
INSERT INTO `jobinfo` VALUES ('4611', '1011', '2012-02-13 14:58:30', '2012-02-13 16:20:20', '恢复工作', '85');
INSERT INTO `jobinfo` VALUES ('4612', '1010', '2012-02-13 14:58:30', '2012-02-13 16:20:18', '恢复工作', '85');
INSERT INTO `jobinfo` VALUES ('4613', '1009', '2012-02-13 14:58:32', '2012-02-13 16:20:18', '恢复工作', '85');
INSERT INTO `jobinfo` VALUES ('4614', '1008', '2012-02-13 14:58:32', '2012-02-13 16:20:16', '恢复工作', '85');
INSERT INTO `jobinfo` VALUES ('4615', '1007', '2012-02-13 14:58:34', '2012-02-13 16:20:16', '恢复工作', '85');
INSERT INTO `jobinfo` VALUES ('4616', '1006', '2012-02-13 14:58:34', '2012-02-13 16:20:14', '恢复工作', '85');
INSERT INTO `jobinfo` VALUES ('4617', '1005', '2012-02-13 14:58:36', '2012-02-13 16:20:14', '恢复工作', '85');
INSERT INTO `jobinfo` VALUES ('4618', '1004', '2012-02-13 14:58:36', '2012-02-13 16:20:12', '恢复工作', '85');
INSERT INTO `jobinfo` VALUES ('4619', '1003', '2012-02-13 14:58:38', '2012-02-13 16:20:12', '恢复工作', '85');
INSERT INTO `jobinfo` VALUES ('4620', '1002', '2012-02-13 14:58:38', '2012-02-13 16:20:10', '恢复工作', '85');
INSERT INTO `jobinfo` VALUES ('4621', '1001', '2012-02-13 14:58:40', '2012-02-13 16:20:10', '恢复工作', '85');
INSERT INTO `jobinfo` VALUES ('4622', '1001', '2012-02-13 16:20:10', '2012-02-13 16:22:31', '撤离', '86');
INSERT INTO `jobinfo` VALUES ('4623', '1002', '2012-02-13 16:20:10', '2012-02-13 16:22:29', '撤离', '86');
INSERT INTO `jobinfo` VALUES ('4624', '1003', '2012-02-13 16:20:12', '2012-02-13 16:22:29', '撤离', '86');
INSERT INTO `jobinfo` VALUES ('4625', '1004', '2012-02-13 16:20:12', '2012-02-13 16:22:27', '撤离', '86');
INSERT INTO `jobinfo` VALUES ('4626', '1005', '2012-02-13 16:20:14', '2012-02-13 16:22:27', '撤离', '86');
INSERT INTO `jobinfo` VALUES ('4627', '1006', '2012-02-13 16:20:14', '2012-02-13 16:22:25', '撤离', '86');
INSERT INTO `jobinfo` VALUES ('4628', '1007', '2012-02-13 16:20:16', '2012-02-13 16:22:25', '撤离', '86');
INSERT INTO `jobinfo` VALUES ('4629', '1008', '2012-02-13 16:20:16', '2012-02-13 16:22:23', '撤离', '86');
INSERT INTO `jobinfo` VALUES ('4630', '1009', '2012-02-13 16:20:18', '2012-02-13 16:22:23', '撤离', '86');
INSERT INTO `jobinfo` VALUES ('4631', '1010', '2012-02-13 16:20:18', '2012-02-13 16:22:21', '撤离', '86');
INSERT INTO `jobinfo` VALUES ('4632', '1011', '2012-02-13 16:20:20', '2012-02-13 16:22:21', '撤离', '86');
INSERT INTO `jobinfo` VALUES ('4633', '1012', '2012-02-13 16:20:20', '2012-02-13 16:22:19', '撤离', '86');
INSERT INTO `jobinfo` VALUES ('4634', '1013', '2012-02-13 16:20:22', '2012-02-13 16:22:19', '撤离', '86');
INSERT INTO `jobinfo` VALUES ('4635', '1014', '2012-02-13 16:20:22', '2012-02-15 11:32:23', '撤离', '86');
INSERT INTO `jobinfo` VALUES ('4636', '1015', '2012-02-13 16:20:24', '2012-02-15 11:32:23', '撤离', '86');
INSERT INTO `jobinfo` VALUES ('4637', '1016', '2012-02-13 16:20:24', '2012-02-15 14:26:36', '撤离', '86');
INSERT INTO `jobinfo` VALUES ('4638', '1017', '2012-02-13 16:20:26', '2012-02-15 14:26:36', '撤离', '86');
INSERT INTO `jobinfo` VALUES ('4639', '1018', '2012-02-13 16:20:26', '2012-02-16 10:35:51', '撤离', '86');
INSERT INTO `jobinfo` VALUES ('4640', '1019', '2012-02-13 16:20:28', '2012-02-16 10:35:51', '撤离', '86');
INSERT INTO `jobinfo` VALUES ('4641', '1020', '2012-02-13 16:20:28', null, '撤离', '86');
INSERT INTO `jobinfo` VALUES ('4642', '1001', '2012-02-13 16:21:35', '2012-02-13 16:22:31', '撤离', '86');
INSERT INTO `jobinfo` VALUES ('4643', '1002', '2012-02-13 16:21:35', '2012-02-13 16:22:29', '撤离', '86');
INSERT INTO `jobinfo` VALUES ('4644', '1003', '2012-02-13 16:21:37', '2012-02-13 16:22:29', '撤离', '86');
INSERT INTO `jobinfo` VALUES ('4645', '1004', '2012-02-13 16:21:37', '2012-02-13 16:22:27', '撤离', '86');
INSERT INTO `jobinfo` VALUES ('4646', '1005', '2012-02-13 16:21:39', '2012-02-13 16:22:27', '撤离', '86');
INSERT INTO `jobinfo` VALUES ('4647', '1006', '2012-02-13 16:21:39', '2012-02-13 16:22:25', '撤离', '86');
INSERT INTO `jobinfo` VALUES ('4648', '1007', '2012-02-13 16:21:41', '2012-02-13 16:22:25', '撤离', '86');
INSERT INTO `jobinfo` VALUES ('4649', '1008', '2012-02-13 16:21:41', '2012-02-13 16:22:23', '撤离', '86');
INSERT INTO `jobinfo` VALUES ('4650', '1009', '2012-02-13 16:21:43', '2012-02-13 16:22:23', '撤离', '86');
INSERT INTO `jobinfo` VALUES ('4651', '1010', '2012-02-13 16:21:43', '2012-02-13 16:22:21', '撤离', '86');
INSERT INTO `jobinfo` VALUES ('4652', '1011', '2012-02-13 16:21:45', '2012-02-13 16:22:21', '撤离', '86');
INSERT INTO `jobinfo` VALUES ('4653', '1012', '2012-02-13 16:21:45', '2012-02-13 16:22:19', '撤离', '86');
INSERT INTO `jobinfo` VALUES ('4654', '1013', '2012-02-13 16:22:19', '2012-02-15 11:31:51', '恢复工作', '85');
INSERT INTO `jobinfo` VALUES ('4655', '1012', '2012-02-13 16:22:19', '2012-02-15 11:31:50', '恢复工作', '85');
INSERT INTO `jobinfo` VALUES ('4656', '1011', '2012-02-13 16:22:21', '2012-02-15 11:31:49', '恢复工作', '85');
INSERT INTO `jobinfo` VALUES ('4657', '1010', '2012-02-13 16:22:21', '2012-02-15 11:31:48', '恢复工作', '85');
INSERT INTO `jobinfo` VALUES ('4658', '1009', '2012-02-13 16:22:23', '2012-02-15 11:31:47', '恢复工作', '85');
INSERT INTO `jobinfo` VALUES ('4659', '1008', '2012-02-13 16:22:23', '2012-02-15 11:31:46', '恢复工作', '85');
INSERT INTO `jobinfo` VALUES ('4660', '1007', '2012-02-13 16:22:25', '2012-02-15 11:31:45', '恢复工作', '85');
INSERT INTO `jobinfo` VALUES ('4661', '1006', '2012-02-13 16:22:25', '2012-02-15 11:31:44', '恢复工作', '85');
INSERT INTO `jobinfo` VALUES ('4662', '1005', '2012-02-13 16:22:27', '2012-02-15 11:31:43', '恢复工作', '85');
INSERT INTO `jobinfo` VALUES ('4663', '1004', '2012-02-13 16:22:27', '2012-02-15 11:31:41', '恢复工作', '85');
INSERT INTO `jobinfo` VALUES ('4664', '1003', '2012-02-13 16:22:29', '2012-02-15 11:31:41', '恢复工作', '85');
INSERT INTO `jobinfo` VALUES ('4665', '1002', '2012-02-13 16:22:29', '2012-02-15 11:31:40', '恢复工作', '85');
INSERT INTO `jobinfo` VALUES ('4666', '1001', '2012-02-13 16:22:31', '2012-02-15 11:31:39', '恢复工作', '85');
INSERT INTO `jobinfo` VALUES ('4667', '1001', '2012-02-15 11:31:39', '2012-02-15 11:32:37', '撤离', '86');
INSERT INTO `jobinfo` VALUES ('4668', '1002', '2012-02-15 11:31:40', '2012-02-15 11:32:36', '撤离', '86');
INSERT INTO `jobinfo` VALUES ('4669', '1003', '2012-02-15 11:31:41', '2012-02-15 11:32:35', '撤离', '86');
INSERT INTO `jobinfo` VALUES ('4670', '1004', '2012-02-15 11:31:42', '2012-02-15 11:32:34', '撤离', '86');
INSERT INTO `jobinfo` VALUES ('4671', '1005', '2012-02-15 11:31:44', '2012-02-15 11:32:33', '撤离', '86');
INSERT INTO `jobinfo` VALUES ('4672', '1006', '2012-02-15 11:31:44', '2012-02-15 11:32:31', '撤离', '86');
INSERT INTO `jobinfo` VALUES ('4673', '1007', '2012-02-15 11:31:46', '2012-02-15 11:32:31', '撤离', '86');
INSERT INTO `jobinfo` VALUES ('4674', '1008', '2012-02-15 11:31:46', '2012-02-15 11:32:30', '撤离', '86');
INSERT INTO `jobinfo` VALUES ('4675', '1009', '2012-02-15 11:31:48', '2012-02-15 11:32:29', '撤离', '86');
INSERT INTO `jobinfo` VALUES ('4676', '1010', '2012-02-15 11:31:48', '2012-02-15 11:32:27', '撤离', '86');
INSERT INTO `jobinfo` VALUES ('4677', '1011', '2012-02-15 11:31:49', '2012-02-15 11:32:27', '撤离', '86');
INSERT INTO `jobinfo` VALUES ('4678', '1012', '2012-02-15 11:31:50', '2012-02-15 11:32:25', '撤离', '86');
INSERT INTO `jobinfo` VALUES ('4679', '1013', '2012-02-15 11:31:51', '2012-02-15 11:32:25', '撤离', '86');
INSERT INTO `jobinfo` VALUES ('4680', '1014', '2012-02-15 11:31:52', '2012-02-15 11:32:23', '撤离', '86');
INSERT INTO `jobinfo` VALUES ('4681', '1015', '2012-02-15 11:32:23', '2012-02-15 14:26:06', '恢复工作', '85');
INSERT INTO `jobinfo` VALUES ('4682', '1014', '2012-02-15 11:32:24', '2012-02-15 14:26:04', '恢复工作', '85');
INSERT INTO `jobinfo` VALUES ('4683', '1013', '2012-02-15 11:32:25', '2012-02-15 14:26:04', '恢复工作', '85');
INSERT INTO `jobinfo` VALUES ('4684', '1012', '2012-02-15 11:32:26', '2012-02-15 14:26:02', '恢复工作', '85');
INSERT INTO `jobinfo` VALUES ('4685', '1011', '2012-02-15 11:32:27', '2012-02-15 14:26:02', '恢复工作', '85');
INSERT INTO `jobinfo` VALUES ('4686', '1010', '2012-02-15 11:32:28', '2012-02-15 14:26:00', '恢复工作', '85');
INSERT INTO `jobinfo` VALUES ('4687', '1009', '2012-02-15 11:32:29', '2012-02-15 14:25:59', '恢复工作', '85');
INSERT INTO `jobinfo` VALUES ('4688', '1008', '2012-02-15 11:32:30', '2012-02-15 14:25:58', '恢复工作', '85');
INSERT INTO `jobinfo` VALUES ('4689', '1007', '2012-02-15 11:32:31', '2012-02-15 14:25:58', '恢复工作', '85');
INSERT INTO `jobinfo` VALUES ('4690', '1006', '2012-02-15 11:32:32', '2012-02-15 14:25:56', '恢复工作', '85');
INSERT INTO `jobinfo` VALUES ('4691', '1005', '2012-02-15 11:32:33', '2012-02-15 14:25:56', '恢复工作', '85');
INSERT INTO `jobinfo` VALUES ('4692', '1004', '2012-02-15 11:32:34', '2012-02-15 14:25:54', '恢复工作', '85');
INSERT INTO `jobinfo` VALUES ('4693', '1003', '2012-02-15 11:32:35', '2012-02-15 14:25:54', '恢复工作', '85');
INSERT INTO `jobinfo` VALUES ('4694', '1002', '2012-02-15 11:32:36', '2012-02-15 11:38:03', '恢复工作', '85');
INSERT INTO `jobinfo` VALUES ('4695', '1001', '2012-02-15 11:32:37', '2012-02-15 11:38:03', '恢复工作', '85');
INSERT INTO `jobinfo` VALUES ('4696', '1001', '2012-02-15 11:38:03', '2012-02-15 14:26:52', '撤离', '86');
INSERT INTO `jobinfo` VALUES ('4697', '1002', '2012-02-15 11:38:03', '2012-02-15 14:26:50', '撤离', '86');
INSERT INTO `jobinfo` VALUES ('4698', '1001', '2012-02-15 14:25:53', '2012-02-15 14:26:52', '撤离', '86');
INSERT INTO `jobinfo` VALUES ('4699', '1002', '2012-02-15 14:25:53', '2012-02-15 14:26:50', '撤离', '86');
INSERT INTO `jobinfo` VALUES ('4700', '1003', '2012-02-15 14:25:54', '2012-02-15 14:26:50', '撤离', '86');
INSERT INTO `jobinfo` VALUES ('4701', '1004', '2012-02-15 14:25:55', '2012-02-15 14:26:48', '撤离', '86');
INSERT INTO `jobinfo` VALUES ('4702', '1005', '2012-02-15 14:25:56', '2012-02-15 14:26:47', '撤离', '86');
INSERT INTO `jobinfo` VALUES ('4703', '1006', '2012-02-15 14:25:56', '2012-02-15 14:26:46', '撤离', '86');
INSERT INTO `jobinfo` VALUES ('4704', '1007', '2012-02-15 14:25:58', '2012-02-15 14:26:45', '撤离', '86');
INSERT INTO `jobinfo` VALUES ('4705', '1008', '2012-02-15 14:25:58', '2012-02-15 14:26:44', '撤离', '86');
INSERT INTO `jobinfo` VALUES ('4706', '1009', '2012-02-15 14:26:00', '2012-02-15 14:26:43', '撤离', '86');
INSERT INTO `jobinfo` VALUES ('4707', '1010', '2012-02-15 14:26:00', '2012-02-15 14:26:42', '撤离', '86');
INSERT INTO `jobinfo` VALUES ('4708', '1011', '2012-02-15 14:26:02', '2012-02-15 14:26:42', '撤离', '86');
INSERT INTO `jobinfo` VALUES ('4709', '1012', '2012-02-15 14:26:02', '2012-02-15 14:26:40', '撤离', '86');
INSERT INTO `jobinfo` VALUES ('4710', '1013', '2012-02-15 14:26:04', '2012-02-15 14:26:40', '撤离', '86');
INSERT INTO `jobinfo` VALUES ('4711', '1014', '2012-02-15 14:26:04', '2012-02-15 14:26:38', '撤离', '86');
INSERT INTO `jobinfo` VALUES ('4712', '1015', '2012-02-15 14:26:06', '2012-02-15 14:26:37', '撤离', '86');
INSERT INTO `jobinfo` VALUES ('4713', '1016', '2012-02-15 14:26:06', '2012-02-15 14:26:36', '撤离', '86');
INSERT INTO `jobinfo` VALUES ('4714', '1017', '2012-02-15 14:26:36', '2012-02-16 10:35:23', '恢复工作', '85');
INSERT INTO `jobinfo` VALUES ('4715', '1016', '2012-02-15 14:26:36', '2012-02-16 10:35:21', '恢复工作', '85');
INSERT INTO `jobinfo` VALUES ('4716', '1015', '2012-02-15 14:26:38', '2012-02-16 10:35:21', '恢复工作', '85');
INSERT INTO `jobinfo` VALUES ('4717', '1014', '2012-02-15 14:26:38', '2012-02-16 10:35:19', '恢复工作', '85');
INSERT INTO `jobinfo` VALUES ('4718', '1013', '2012-02-15 14:26:40', '2012-02-16 10:35:19', '恢复工作', '85');
INSERT INTO `jobinfo` VALUES ('4719', '1012', '2012-02-15 14:26:40', '2012-02-16 10:35:17', '恢复工作', '85');
INSERT INTO `jobinfo` VALUES ('4720', '1011', '2012-02-15 14:26:42', '2012-02-16 10:35:17', '恢复工作', '85');
INSERT INTO `jobinfo` VALUES ('4721', '1010', '2012-02-15 14:26:42', '2012-02-16 10:35:15', '恢复工作', '85');
INSERT INTO `jobinfo` VALUES ('4722', '1009', '2012-02-15 14:26:44', '2012-02-16 10:35:15', '恢复工作', '85');
INSERT INTO `jobinfo` VALUES ('4723', '1008', '2012-02-15 14:26:44', '2012-02-16 10:35:13', '恢复工作', '85');
INSERT INTO `jobinfo` VALUES ('4724', '1007', '2012-02-15 14:26:46', '2012-02-16 10:35:13', '恢复工作', '85');
INSERT INTO `jobinfo` VALUES ('4725', '1006', '2012-02-15 14:26:46', '2012-02-16 10:35:11', '恢复工作', '85');
INSERT INTO `jobinfo` VALUES ('4726', '1005', '2012-02-15 14:26:48', '2012-02-16 10:35:11', '恢复工作', '85');
INSERT INTO `jobinfo` VALUES ('4727', '1004', '2012-02-15 14:26:48', '2012-02-16 10:35:09', '恢复工作', '85');
INSERT INTO `jobinfo` VALUES ('4728', '1003', '2012-02-15 14:26:50', '2012-02-16 10:35:09', '恢复工作', '85');
INSERT INTO `jobinfo` VALUES ('4729', '1002', '2012-02-15 14:26:50', '2012-02-16 10:35:07', '恢复工作', '85');
INSERT INTO `jobinfo` VALUES ('4730', '1001', '2012-02-15 14:26:52', '2012-02-16 10:35:07', '恢复工作', '85');
INSERT INTO `jobinfo` VALUES ('4731', '1001', '2012-02-16 10:35:07', '2012-02-16 10:36:09', '撤离', '86');
INSERT INTO `jobinfo` VALUES ('4732', '1002', '2012-02-16 10:35:07', '2012-02-16 10:36:07', '撤离', '86');
INSERT INTO `jobinfo` VALUES ('4733', '1003', '2012-02-16 10:35:09', '2012-02-16 10:36:07', '撤离', '86');
INSERT INTO `jobinfo` VALUES ('4734', '1004', '2012-02-16 10:35:09', '2012-02-16 10:36:05', '撤离', '86');
INSERT INTO `jobinfo` VALUES ('4735', '1005', '2012-02-16 10:35:11', '2012-02-16 10:36:05', '撤离', '86');
INSERT INTO `jobinfo` VALUES ('4736', '1006', '2012-02-16 10:35:11', '2012-02-16 10:36:03', '撤离', '86');
INSERT INTO `jobinfo` VALUES ('4737', '1007', '2012-02-16 10:35:13', '2012-02-16 10:36:03', '撤离', '86');
INSERT INTO `jobinfo` VALUES ('4738', '1008', '2012-02-16 10:35:13', '2012-02-16 10:36:01', '撤离', '86');
INSERT INTO `jobinfo` VALUES ('4739', '1009', '2012-02-16 10:35:15', '2012-02-16 10:36:01', '撤离', '86');
INSERT INTO `jobinfo` VALUES ('4740', '1010', '2012-02-16 10:35:15', '2012-02-16 10:35:59', '撤离', '86');
INSERT INTO `jobinfo` VALUES ('4741', '1011', '2012-02-16 10:35:17', '2012-02-16 10:35:59', '撤离', '86');
INSERT INTO `jobinfo` VALUES ('4742', '1012', '2012-02-16 10:35:17', '2012-02-16 10:35:57', '撤离', '86');
INSERT INTO `jobinfo` VALUES ('4743', '1013', '2012-02-16 10:35:19', '2012-02-16 10:35:57', '撤离', '86');
INSERT INTO `jobinfo` VALUES ('4744', '1014', '2012-02-16 10:35:19', '2012-02-16 10:35:55', '撤离', '86');
INSERT INTO `jobinfo` VALUES ('4745', '1015', '2012-02-16 10:35:21', '2012-02-16 10:35:55', '撤离', '86');
INSERT INTO `jobinfo` VALUES ('4746', '1016', '2012-02-16 10:35:21', '2012-02-16 10:35:53', '撤离', '86');
INSERT INTO `jobinfo` VALUES ('4747', '1017', '2012-02-16 10:35:23', '2012-02-16 10:35:53', '撤离', '86');
INSERT INTO `jobinfo` VALUES ('4748', '1018', '2012-02-16 10:35:23', '2012-02-16 10:35:51', '撤离', '86');
INSERT INTO `jobinfo` VALUES ('4749', '1019', '2012-02-16 10:35:51', '2012-07-28 21:23:50', '恢复工作', '85');
INSERT INTO `jobinfo` VALUES ('4750', '1018', '2012-02-16 10:35:51', '2012-07-28 21:23:48', '恢复工作', '85');
INSERT INTO `jobinfo` VALUES ('4751', '1017', '2012-02-16 10:35:53', '2012-07-28 21:23:48', '恢复工作', '85');
INSERT INTO `jobinfo` VALUES ('4752', '1016', '2012-02-16 10:35:53', '2012-07-28 21:23:46', '恢复工作', '85');
INSERT INTO `jobinfo` VALUES ('4753', '1015', '2012-02-16 10:35:55', '2012-07-28 21:23:46', '恢复工作', '85');
INSERT INTO `jobinfo` VALUES ('4754', '1014', '2012-02-16 10:35:55', '2012-07-28 21:23:44', '恢复工作', '85');
INSERT INTO `jobinfo` VALUES ('4755', '1013', '2012-02-16 10:35:57', '2012-07-28 21:23:44', '恢复工作', '85');
INSERT INTO `jobinfo` VALUES ('4756', '1012', '2012-02-16 10:35:57', '2012-07-28 21:23:42', '恢复工作', '85');
INSERT INTO `jobinfo` VALUES ('4757', '1011', '2012-02-16 10:35:59', '2012-07-28 21:23:42', '恢复工作', '85');
INSERT INTO `jobinfo` VALUES ('4758', '1010', '2012-02-16 10:35:59', '2012-07-28 21:23:40', '恢复工作', '85');
INSERT INTO `jobinfo` VALUES ('4759', '1009', '2012-02-16 10:36:01', '2012-07-28 21:23:40', '恢复工作', '85');
INSERT INTO `jobinfo` VALUES ('4760', '1008', '2012-02-16 10:36:01', '2012-07-28 21:23:38', '恢复工作', '85');
INSERT INTO `jobinfo` VALUES ('4761', '1007', '2012-02-16 10:36:03', '2012-07-28 21:23:38', '恢复工作', '85');
INSERT INTO `jobinfo` VALUES ('4762', '1006', '2012-02-16 10:36:03', '2012-07-28 21:23:36', '恢复工作', '85');
INSERT INTO `jobinfo` VALUES ('4763', '1005', '2012-02-16 10:36:05', '2012-07-28 21:23:36', '恢复工作', '85');
INSERT INTO `jobinfo` VALUES ('4764', '1004', '2012-02-16 10:36:05', '2012-07-28 21:23:34', '恢复工作', '85');
INSERT INTO `jobinfo` VALUES ('4765', '1003', '2012-02-16 10:36:07', '2012-07-28 21:23:34', '恢复工作', '85');
INSERT INTO `jobinfo` VALUES ('4766', '1002', '2012-02-16 10:36:07', '2012-07-28 21:23:33', '恢复工作', '85');
INSERT INTO `jobinfo` VALUES ('4767', '1001', '2012-02-16 10:36:09', '2012-07-28 21:23:32', '恢复工作', '85');
INSERT INTO `jobinfo` VALUES ('4768', '1001', '2012-07-28 21:23:32', null, '撤离', '86');
INSERT INTO `jobinfo` VALUES ('4769', '1002', '2012-07-28 21:23:33', null, '撤离', '86');
INSERT INTO `jobinfo` VALUES ('4770', '1003', '2012-07-28 21:23:34', null, '撤离', '86');
INSERT INTO `jobinfo` VALUES ('4771', '1004', '2012-07-28 21:23:34', null, '撤离', '86');
INSERT INTO `jobinfo` VALUES ('4772', '1005', '2012-07-28 21:23:36', null, '撤离', '86');
INSERT INTO `jobinfo` VALUES ('4773', '1006', '2012-07-28 21:23:37', null, '撤离', '86');
INSERT INTO `jobinfo` VALUES ('4774', '1007', '2012-07-28 21:23:38', null, '撤离', '86');
INSERT INTO `jobinfo` VALUES ('4775', '1008', '2012-07-28 21:23:38', null, '撤离', '86');
INSERT INTO `jobinfo` VALUES ('4776', '1009', '2012-07-28 21:23:40', null, '撤离', '86');
INSERT INTO `jobinfo` VALUES ('4777', '1010', '2012-07-28 21:23:40', null, '撤离', '86');
INSERT INTO `jobinfo` VALUES ('4778', '1011', '2012-07-28 21:23:42', null, '撤离', '86');
INSERT INTO `jobinfo` VALUES ('4779', '1012', '2012-07-28 21:23:42', null, '撤离', '86');
INSERT INTO `jobinfo` VALUES ('4780', '1013', '2012-07-28 21:23:44', null, '撤离', '86');
INSERT INTO `jobinfo` VALUES ('4781', '1014', '2012-07-28 21:23:44', null, '撤离', '86');
INSERT INTO `jobinfo` VALUES ('4782', '1015', '2012-07-28 21:23:46', null, '撤离', '86');
INSERT INTO `jobinfo` VALUES ('4783', '1016', '2012-07-28 21:23:46', null, '撤离', '86');
INSERT INTO `jobinfo` VALUES ('4784', '1017', '2012-07-28 21:23:48', null, '撤离', '86');
INSERT INTO `jobinfo` VALUES ('4785', '1018', '2012-07-28 21:23:48', null, '撤离', '86');
INSERT INTO `jobinfo` VALUES ('4786', '1019', '2012-07-28 21:23:50', null, '撤离', '86');
INSERT INTO `jobinfo` VALUES ('4787', '1020', '2012-07-28 21:23:50', null, '撤离', '86');

-- ----------------------------
-- Table structure for `navimenu`
-- ----------------------------
DROP TABLE IF EXISTS `navimenu`;
CREATE TABLE `navimenu` (
  `ID` int(11) NOT NULL AUTO_INCREMENT,
  `DOMAIN` varchar(64) DEFAULT NULL,
  `MENUINDEX` varchar(20) DEFAULT NULL,
  `MENUTEXT` varchar(64) DEFAULT NULL,
  `MENUPAGE` varchar(512) DEFAULT NULL,
  `AUTHORITY` varchar(512) DEFAULT NULL,
  PRIMARY KEY (`ID`)
) ENGINE=InnoDB AUTO_INCREMENT=117 DEFAULT CHARSET=latin1;

-- ----------------------------
-- Records of navimenu
-- ----------------------------
INSERT INTO `navimenu` VALUES ('1', 'OCC', '@0', '总  貌', '@4', null);
INSERT INTO `navimenu` VALUES ('2', 'OCC', '@0', '供  电', '@1', null);
INSERT INTO `navimenu` VALUES ('3', 'OCC', '@0', '主  扇', 'MK_TF', null);
INSERT INTO `navimenu` VALUES ('4', 'OCC', '@0', '排  水', 'MK_DRAIN', null);
INSERT INTO `navimenu` VALUES ('5', 'OCC', '@0', '提  升', '@2', null);
INSERT INTO `navimenu` VALUES ('6', 'OCC', '@0', '皮  带', 'MK_BELT', null);
INSERT INTO `navimenu` VALUES ('7', 'OCC', '@0', '辅助运输', '@6', null);
INSERT INTO `navimenu` VALUES ('8', 'OCC', '@0', '压  风', 'MK_PRESSFAN', null);
INSERT INTO `navimenu` VALUES ('9', 'OCC', '@0', '洗选煤', 'MK_WASHING', null);
INSERT INTO `navimenu` VALUES ('10', 'OCC', '@0', '辅助生产', '@7', null);
INSERT INTO `navimenu` VALUES ('13', 'OCC', '@0', '通  风', '', null);
INSERT INTO `navimenu` VALUES ('14', 'OCC', '@0', '人员定位', '@5', null);
INSERT INTO `navimenu` VALUES ('15', 'OCC', '@0', '广  播', 'PUBPA', null);
INSERT INTO `navimenu` VALUES ('16', 'OCC', '@0', '视频监视', '@8', null);
INSERT INTO `navimenu` VALUES ('17', 'OCC', '@0', '工  具', '@3', null);
INSERT INTO `navimenu` VALUES ('23', 'OCC', '@1', '井上供电系统', null, null);
INSERT INTO `navimenu` VALUES ('24', 'OCC', '@1', '负200系统图', 'MK_PSCADA200', null);
INSERT INTO `navimenu` VALUES ('25', 'OCC', '@1', '负375系统图', 'MK_PSCADA375', null);
INSERT INTO `navimenu` VALUES ('26', 'OCC', '@1', '负500系统图', 'MK_PSCADA500', null);
INSERT INTO `navimenu` VALUES ('30', 'OCC', '@1', '井下供电联接', 'MK_PSCADA', null);
INSERT INTO `navimenu` VALUES ('31', 'OCC', '@1', '井下供电大图', '', 'MK_PSCADAALL');
INSERT INTO `navimenu` VALUES ('40', 'OCC', '@4', '巷 道 图', 'MK_KJ', null);
INSERT INTO `navimenu` VALUES ('41', 'OCC', '@4', '巷 道 图2', 'MK_KJ-3D', null);
INSERT INTO `navimenu` VALUES ('42', 'OCC', '@4', '水  平', 'MK_LAYER', null);
INSERT INTO `navimenu` VALUES ('43', 'OCC', '@4', '地面广场', 'MK_KQ', null);
INSERT INTO `navimenu` VALUES ('71', 'OCC', '@2', '主井提升', 'MK_MAINSHAFT', null);
INSERT INTO `navimenu` VALUES ('72', 'OCC', '@2', '副井提升', 'MK_AUXSHAFT', null);
INSERT INTO `navimenu` VALUES ('75', 'OCC', '@3', '趋  势', 'MK_TRN', null);
INSERT INTO `navimenu` VALUES ('76', 'OCC', '@3', '报  表', 'MK_REPORT', null);
INSERT INTO `navimenu` VALUES ('81', 'OCC', '@6', '信集闭', 'MK_ATS', null);
INSERT INTO `navimenu` VALUES ('82', 'OCC', '@6', '无轨胶轮车', null, null);
INSERT INTO `navimenu` VALUES ('83', 'OCC', '@6', '串  车', null, null);
INSERT INTO `navimenu` VALUES ('100', 'OCC', '@7', '污水处理', 'MK_WASTERWATER', null);
INSERT INTO `navimenu` VALUES ('110', 'OCC', '@5', '人员定位', 'MK_RYGL', null);
INSERT INTO `navimenu` VALUES ('111', 'OCC', '@5', '人员信息', '?ShowPeopleList', null);
INSERT INTO `navimenu` VALUES ('112', 'OCC', '@5', '分站信息', '?ShowSubStationPeople', null);
INSERT INTO `navimenu` VALUES ('113', 'OCC', '@8', '一画面', 'MK_CCTV1', 'PUBCCTV');
INSERT INTO `navimenu` VALUES ('114', 'OCC', '@8', '四画面', 'MK_CCTV4', null);
INSERT INTO `navimenu` VALUES ('115', 'OCC', '@8', '六画面', 'MK_CCTV6', null);
INSERT INTO `navimenu` VALUES ('116', 'OCC', '@3', '调试', '?aaa', null);

-- ----------------------------
-- Table structure for `posinfo`
-- ----------------------------
DROP TABLE IF EXISTS `posinfo`;
CREATE TABLE `posinfo` (
  `PosID` int(11) NOT NULL AUTO_INCREMENT,
  `PosDes` varchar(256) DEFAULT NULL,
  PRIMARY KEY (`PosID`)
) ENGINE=InnoDB AUTO_INCREMENT=88 DEFAULT CHARSET=latin1;

-- ----------------------------
-- Records of posinfo
-- ----------------------------
INSERT INTO `posinfo` VALUES ('1', '人员入井处');
INSERT INTO `posinfo` VALUES ('2', '负170压风机硐室');
INSERT INTO `posinfo` VALUES ('3', '负200西大巷2号道岔');
INSERT INTO `posinfo` VALUES ('4', '负170石门');
INSERT INTO `posinfo` VALUES ('5', '二段绞车道');
INSERT INTO `posinfo` VALUES ('6', '负170二段车场');
INSERT INTO `posinfo` VALUES ('7', '负170车场');
INSERT INTO `posinfo` VALUES ('8', '负320变电所');
INSERT INTO `posinfo` VALUES ('9', '负200炸药库');
INSERT INTO `posinfo` VALUES ('10', '负320甲水仓');
INSERT INTO `posinfo` VALUES ('11', '负320乙水仓');
INSERT INTO `posinfo` VALUES ('12', '负350二段绞车道');
INSERT INTO `posinfo` VALUES ('13', '负435变电所');
INSERT INTO `posinfo` VALUES ('14', '负480水仓');
INSERT INTO `posinfo` VALUES ('15', '负480石门');
INSERT INTO `posinfo` VALUES ('16', '负480石门尾');
INSERT INTO `posinfo` VALUES ('17', '西大巷4号道岔');
INSERT INTO `posinfo` VALUES ('18', '二副井');
INSERT INTO `posinfo` VALUES ('19', '一副井');
INSERT INTO `posinfo` VALUES ('20', '一段主机道');
INSERT INTO `posinfo` VALUES ('21', '一付井2号道岔');
INSERT INTO `posinfo` VALUES ('22', '司控道岔');
INSERT INTO `posinfo` VALUES ('23', '-200司控道岔');
INSERT INTO `posinfo` VALUES ('24', '二水平一付井绞车硐室');
INSERT INTO `posinfo` VALUES ('25', '二水平二付井上部车场');
INSERT INTO `posinfo` VALUES ('26', '负200配车室');
INSERT INTO `posinfo` VALUES ('27', '二段主机道');
INSERT INTO `posinfo` VALUES ('28', '负200前石门绞车');
INSERT INTO `posinfo` VALUES ('29', '负200煤仓');
INSERT INTO `posinfo` VALUES ('30', '负500泵房');
INSERT INTO `posinfo` VALUES ('31', '西绕道1号道岔');
INSERT INTO `posinfo` VALUES ('32', '负500煤仓');
INSERT INTO `posinfo` VALUES ('33', '负500井底车场');
INSERT INTO `posinfo` VALUES ('34', '西绕道3号道岔');
INSERT INTO `posinfo` VALUES ('35', '负420石门');
INSERT INTO `posinfo` VALUES ('36', '负450石门');
INSERT INTO `posinfo` VALUES ('37', '前石门1号道岔');
INSERT INTO `posinfo` VALUES ('38', '前石门2号道岔');
INSERT INTO `posinfo` VALUES ('39', '负485十三层3832掘进工作面');
INSERT INTO `posinfo` VALUES ('40', '负485十三层3832入口');
INSERT INTO `posinfo` VALUES ('41', '前石门3号道岔');
INSERT INTO `posinfo` VALUES ('42', '前石门4号道岔');
INSERT INTO `posinfo` VALUES ('43', '前石门8号道岔');
INSERT INTO `posinfo` VALUES ('44', '前石门9号道岔');
INSERT INTO `posinfo` VALUES ('45', '前石门9号道岔');
INSERT INTO `posinfo` VALUES ('46', '前石门10号道岔');
INSERT INTO `posinfo` VALUES ('47', '负390十层左片综三下巷');
INSERT INTO `posinfo` VALUES ('48', '负520八层沿煤下山 304入口');
INSERT INTO `posinfo` VALUES ('49', '负700甲水仓 5031入口');
INSERT INTO `posinfo` VALUES ('50', '负600石门 K02停头');
INSERT INTO `posinfo` VALUES ('51', '负450六层左片综一队上巷');
INSERT INTO `posinfo` VALUES ('52', '负500八层机轨巷5042入口');
INSERT INTO `posinfo` VALUES ('53', '负450六层左片综一队下巷');
INSERT INTO `posinfo` VALUES ('54', '负560八上层机轨巷（综掘）入口');
INSERT INTO `posinfo` VALUES ('55', '负570六层左探巷K032入口');
INSERT INTO `posinfo` VALUES ('56', '负700乙水仓2011入口');
INSERT INTO `posinfo` VALUES ('57', '二区负400六层右机轨巷204停头入口');
INSERT INTO `posinfo` VALUES ('58', '二区负350十层溜子道203入口');
INSERT INTO `posinfo` VALUES ('59', '二区负430六层上山切眼2012入口');
INSERT INTO `posinfo` VALUES ('60', '负485轨道下山K01入口');
INSERT INTO `posinfo` VALUES ('61', '负560六层左片综一队上巷');
INSERT INTO `posinfo` VALUES ('62', '二区七采区总排回风2013入口');
INSERT INTO `posinfo` VALUES ('63', '负485八层沿煤下山203停头');
INSERT INTO `posinfo` VALUES ('64', '负560六层左片综一队下巷');
INSERT INTO `posinfo` VALUES ('65', '二区负500西大巷505入口');
INSERT INTO `posinfo` VALUES ('66', '负570八上层右轨道上山102入口');
INSERT INTO `posinfo` VALUES ('67', '负520十层沿煤下山101入口');
INSERT INTO `posinfo` VALUES ('68', '负600避难室');
INSERT INTO `posinfo` VALUES ('69', '负700大巷反向 301入口');
INSERT INTO `posinfo` VALUES ('70', '负520十二层机轨巷K06入口');
INSERT INTO `posinfo` VALUES ('71', '二区负520石门5042停头');
INSERT INTO `posinfo` VALUES ('72', '二区负350绞车室202入口');
INSERT INTO `posinfo` VALUES ('73', '负520十层右片综三上巷');
INSERT INTO `posinfo` VALUES ('74', '负520十层右片综三下巷');
INSERT INTO `posinfo` VALUES ('75', '负700大巷5022入口');
INSERT INTO `posinfo` VALUES ('76', '负520八上层下料道102停头入口');
INSERT INTO `posinfo` VALUES ('77', '负500中央变电所');
INSERT INTO `posinfo` VALUES ('78', '负500火药库');
INSERT INTO `posinfo` VALUES ('79', '负485皮带头');
INSERT INTO `posinfo` VALUES ('80', '负485皮带石门通二区入口');
INSERT INTO `posinfo` VALUES ('81', '负485皮带尾');
INSERT INTO `posinfo` VALUES ('82', '二区负350火药库');
INSERT INTO `posinfo` VALUES ('83', '二区485皮带石门通中央区入口');
INSERT INTO `posinfo` VALUES ('84', '负600避难室外');
INSERT INTO `posinfo` VALUES ('85', '负485十三层3211掘进工作面');
INSERT INTO `posinfo` VALUES ('86', '负485十三层3211入口');
INSERT INTO `posinfo` VALUES ('87', '负375石门');

-- ----------------------------
-- Table structure for `workinfo`
-- ----------------------------
DROP TABLE IF EXISTS `workinfo`;
CREATE TABLE `workinfo` (
  `WorkID` int(11) NOT NULL AUTO_INCREMENT,
  `WorkName` varchar(32) DEFAULT NULL,
  `WorkSex` varchar(16) DEFAULT NULL,
  `WorkAge` int(11) DEFAULT NULL,
  `WorkCarree` varchar(64) DEFAULT NULL,
  `WorkCatogary` varchar(64) DEFAULT NULL,
  `WorkGroup` varchar(64) DEFAULT NULL,
  `WorkDepartmentID` int(11) DEFAULT '0',
  `PosID` int(11) DEFAULT '0',
  PRIMARY KEY (`WorkID`)
) ENGINE=InnoDB AUTO_INCREMENT=1021 DEFAULT CHARSET=latin1;

-- ----------------------------
-- Records of workinfo
-- ----------------------------
INSERT INTO `workinfo` VALUES ('1001', '赵方', '男', '25', '组长', '掘进', 'HI008', '1', '86');
INSERT INTO `workinfo` VALUES ('1002', '王刚', '男', '24', '工人', '维修', 'HI008', '2', '86');
INSERT INTO `workinfo` VALUES ('1003', '张强', '男', '24', '工人', '检修', 'HI008', '3', '86');
INSERT INTO `workinfo` VALUES ('1004', '李刚', '男', '23', '工人', '检修', 'HI008', '4', '86');
INSERT INTO `workinfo` VALUES ('1005', '王一', '男', '25', '组长', '检修', 'HI008', '5', '86');
INSERT INTO `workinfo` VALUES ('1006', '张涵', '男', '24', '工人', '掘进', 'HI008', '6', '86');
INSERT INTO `workinfo` VALUES ('1007', '孙进', '男', '24', '工人', '掘进', 'HI010', '7', '86');
INSERT INTO `workinfo` VALUES ('1008', '华强', '男', '24', '工人', '掘进', 'HI010', '1', '86');
INSERT INTO `workinfo` VALUES ('1009', '李永', '男', '25', '组长', '维修', 'HI010', '2', '86');
INSERT INTO `workinfo` VALUES ('1010', '李伟', '男', '25', '工人', '维修', 'HI009', '3', '86');
INSERT INTO `workinfo` VALUES ('1011', '刘佳', '男', '25', '工人', '维修', 'HI009', '4', '86');
INSERT INTO `workinfo` VALUES ('1012', '张楠', '男', '24', '工人', '检修', 'HI009', '5', '86');
INSERT INTO `workinfo` VALUES ('1013', '张洋', '男', '23', '工人', '检修', 'HI009', '6', '86');
INSERT INTO `workinfo` VALUES ('1014', '孙阳', '男', '23', '工人', '掘进', 'HI008', '7', '86');
INSERT INTO `workinfo` VALUES ('1015', '王瑞', '男', '24', '工人', '检修', 'HI010', '3', '86');
INSERT INTO `workinfo` VALUES ('1016', '李强', '男', '23', '工人', '掘进', 'HI010', '1', '86');
INSERT INTO `workinfo` VALUES ('1017', '周建', '男', '24', '工人', '掘进', 'HI010', '1', '86');
INSERT INTO `workinfo` VALUES ('1018', '周伟', '男', '24', '工人', '检修', 'HI010', '1', '86');
INSERT INTO `workinfo` VALUES ('1019', '孙伟', '男', '24', '工人', '掘进', 'HI010', '1', '86');
INSERT INTO `workinfo` VALUES ('1020', '王伟', '男', '24', '工人', '检修', 'HI009', '1', '86');
DROP TRIGGER IF EXISTS `t_beforeinsert_on_jobinfo`;
DELIMITER ;;
CREATE TRIGGER `t_beforeinsert_on_jobinfo` BEFORE INSERT ON `jobinfo` FOR EACH ROW BEGIN 
UPDATE workinfo SET PosID=new.PosID WHERE WorkId=new.WorkId;
END
;;
DELIMITER ;
